importance_type,model_name,feature_set_name,feature_name,importance_mean,importance_std,coefficient,absolute_coefficient,feature_group,temporal_status,leakage_risk,is_zoning_feature
logistic_coefficient_screen,logistic_regression,zoning_enhanced_history,historical_zoning_code_HC,,,-6.10277615,6.10277615,historical_zoning_features,historical_snapshot_time_safe,low_to_medium_staleness_review,True
logistic_coefficient_screen,logistic_regression,zoning_enhanced_history,historical_zoning_code_MX-CC1,,,-3.39185623,3.39185623,historical_zoning_features,historical_snapshot_time_safe,low_to_medium_staleness_review,True
logistic_coefficient_screen,logistic_regression,zoning_enhanced_history,historical_zoning_code_NOT-YET-ZONED,,,-2.78598248,2.78598248,historical_zoning_features,historical_snapshot_time_safe,low_to_medium_staleness_review,True
logistic_coefficient_screen,logistic_regression,zoning_enhanced_history,historical_zoning_jurisdiction_Midland,,,-2.69187177,2.69187177,historical_zoning_features,historical_snapshot_time_safe,low_to_medium_staleness_review,True
logistic_coefficient_screen,logistic_regression,zoning_enhanced_history,latest_zoning_change_type_code_and_category_changed,,,2.64325468,2.64325468,historical_zoning_features,historical_snapshot_time_safe,low_to_medium_staleness_review,True
logistic_coefficient_screen,logistic_regression,zoning_enhanced_history,historical_zoning_code_PID,,,-2.53684304,2.53684304,historical_zoning_features,historical_snapshot_time_safe,low_to_medium_staleness_review,True
logistic_coefficient_screen,logistic_regression,zoning_enhanced_history,historical_zoning_code_TND,,,2.32791897,2.32791897,historical_zoning_features,historical_snapshot_time_safe,low_to_medium_staleness_review,True
logistic_coefficient_screen,logistic_regression,zoning_enhanced_history,zoning_map_change_only_flag,,,2.26115712,2.26115712,historical_zoning_features,historical_snapshot_time_safe,low_to_medium_staleness_review,True
logistic_coefficient_screen,logistic_regression,zoning_enhanced_history,latest_zoning_intensity_change_decreased,,,-2.14783688,2.14783688,historical_zoning_features,historical_snapshot_time_safe,low_to_medium_staleness_review,True
logistic_coefficient_screen,logistic_regression,zoning_enhanced_history,historical_zoning_code_O-I,,,2.05478953,2.05478953,historical_zoning_features,historical_snapshot_time_safe,low_to_medium_staleness_review,True
logistic_coefficient_screen,logistic_regression,zoning_enhanced_history,historical_zoning_jurisdiction_Locust,,,1.9988818,1.9988818,historical_zoning_features,historical_snapshot_time_safe,low_to_medium_staleness_review,True
logistic_coefficient_screen,logistic_regression,zoning_enhanced_history,historical_zoning_code_CURM-2,,,-1.89427911,1.89427911,historical_zoning_features,historical_snapshot_time_safe,low_to_medium_staleness_review,True
logistic_coefficient_screen,logistic_regression,zoning_enhanced_history,historical_zoning_code_PUD,,,1.87043422,1.87043422,historical_zoning_features,historical_snapshot_time_safe,low_to_medium_staleness_review,True
logistic_coefficient_screen,logistic_regression,zoning_enhanced_history,latest_zoning_intensity_change_lateral_or_code_only,,,1.81658228,1.81658228,historical_zoning_features,historical_snapshot_time_safe,low_to_medium_staleness_review,True
logistic_coefficient_screen,logistic_regression,zoning_enhanced_history,latest_zoning_change_type_zoning_code_changed,,,-1.7955403,1.7955403,historical_zoning_features,historical_snapshot_time_safe,low_to_medium_staleness_review,True
logistic_coefficient_screen,logistic_regression,zoning_enhanced_history,historical_zoning_code_OM,,,-1.78468786,1.78468786,historical_zoning_features,historical_snapshot_time_safe,low_to_medium_staleness_review,True
logistic_coefficient_screen,logistic_regression,zoning_enhanced_history,latest_zoning_change_type_jurisdiction_context_changed,,,-1.74687974,1.74687974,historical_zoning_features,historical_snapshot_time_safe,low_to_medium_staleness_review,True
logistic_coefficient_screen,logistic_regression,zoning_enhanced_history,historical_zoning_code_C 601,,,-1.73758457,1.73758457,historical_zoning_features,historical_snapshot_time_safe,low_to_medium_staleness_review,True
logistic_coefficient_screen,logistic_regression,zoning_enhanced_history,new_construction_permits_prior_5yr,,,-1.57666065,1.57666065,model_feature,current_context,review_required,False
logistic_coefficient_screen,logistic_regression,zoning_enhanced_history,historical_zoning_code_RM-1-CD,,,1.55202822,1.55202822,historical_zoning_features,historical_snapshot_time_safe,low_to_medium_staleness_review,True
logistic_coefficient_screen,logistic_regression,zoning_enhanced_history,zoning_change_confidence_medium,,,-1.5423703,1.5423703,historical_zoning_features,historical_snapshot_time_safe,low_to_medium_staleness_review,True
logistic_coefficient_screen,logistic_regression,zoning_enhanced_history,historical_zoning_code_R/OMT,,,1.53062822,1.53062822,historical_zoning_features,historical_snapshot_time_safe,low_to_medium_staleness_review,True
logistic_coefficient_screen,logistic_regression,zoning_enhanced_history,historical_zoning_code_LI,,,-1.52473887,1.52473887,historical_zoning_features,historical_snapshot_time_safe,low_to_medium_staleness_review,True
logistic_coefficient_screen,logistic_regression,zoning_enhanced_history,historical_zoning_code_CUC-2,,,-1.51128417,1.51128417,historical_zoning_features,historical_snapshot_time_safe,low_to_medium_staleness_review,True
logistic_coefficient_screen,logistic_regression,zoning_enhanced_history,historical_zoning_code_CZ-C-1,,,1.50746736,1.50746736,historical_zoning_features,historical_snapshot_time_safe,low_to_medium_staleness_review,True
logistic_coefficient_screen,logistic_regression,zoning_enhanced_history,historical_zoning_code_CZ-RV,,,1.38278671,1.38278671,historical_zoning_features,historical_snapshot_time_safe,low_to_medium_staleness_review,True
logistic_coefficient_screen,logistic_regression,zoning_enhanced_history,historical_zoning_code_SFR,,,1.37128096,1.37128096,historical_zoning_features,historical_snapshot_time_safe,low_to_medium_staleness_review,True
logistic_coefficient_screen,logistic_regression,zoning_enhanced_history,historical_zoning_code_OPS,,,1.34617804,1.34617804,historical_zoning_features,historical_snapshot_time_safe,low_to_medium_staleness_review,True
logistic_coefficient_screen,logistic_regression,zoning_enhanced_history,zoning_temporal_status_prior_available_year,,,-1.34563035,1.34563035,historical_zoning_features,historical_snapshot_time_safe,low_to_medium_staleness_review,True
logistic_coefficient_screen,logistic_regression,zoning_enhanced_history,historical_zoning_code_IND,,,1.31854802,1.31854802,historical_zoning_features,historical_snapshot_time_safe,low_to_medium_staleness_review,True
logistic_coefficient_screen,logistic_regression,zoning_enhanced_history,historical_zoning_code_CD-RV,,,1.25039638,1.25039638,historical_zoning_features,historical_snapshot_time_safe,low_to_medium_staleness_review,True
logistic_coefficient_screen,logistic_regression,zoning_enhanced_history,historical_zoning_code_PRD,,,1.24436292,1.24436292,historical_zoning_features,historical_snapshot_time_safe,low_to_medium_staleness_review,True
logistic_coefficient_screen,logistic_regression,zoning_enhanced_history,historical_zoning_jurisdiction_Harrisburg,,,-1.24367728,1.24367728,historical_zoning_features,historical_snapshot_time_safe,low_to_medium_staleness_review,True
logistic_coefficient_screen,logistic_regression,zoning_enhanced_history,latest_zoning_change_type_category_changed,,,-1.2336677,1.2336677,historical_zoning_features,historical_snapshot_time_safe,low_to_medium_staleness_review,True
logistic_coefficient_screen,logistic_regression,zoning_enhanced_history,historical_zoning_code_CURL,,,1.21813,1.21813,historical_zoning_features,historical_snapshot_time_safe,low_to_medium_staleness_review,True
logistic_coefficient_screen,logistic_regression,zoning_enhanced_history,latest_zoning_intensity_change_increased,,,-1.18851032,1.18851032,historical_zoning_features,historical_snapshot_time_safe,low_to_medium_staleness_review,True
logistic_coefficient_screen,logistic_regression,zoning_enhanced_history,historical_zoning_general_category_mixed_use_or_planned,,,-1.12441116,1.12441116,historical_zoning_features,historical_snapshot_time_safe,low_to_medium_staleness_review,True
logistic_coefficient_screen,logistic_regression,zoning_enhanced_history,historical_zoning_code_CZ-RL,,,1.11533839,1.11533839,historical_zoning_features,historical_snapshot_time_safe,low_to_medium_staleness_review,True
logistic_coefficient_screen,logistic_regression,zoning_enhanced_history,historical_zoning_code_AG,,,1.10395921,1.10395921,historical_zoning_features,historical_snapshot_time_safe,low_to_medium_staleness_review,True
logistic_coefficient_screen,logistic_regression,zoning_enhanced_history,historical_zoning_general_category_commercial,,,-1.0762599,1.0762599,historical_zoning_features,historical_snapshot_time_safe,low_to_medium_staleness_review,True
logistic_coefficient_screen,logistic_regression,zoning_enhanced_history,historical_zoning_code_LC,,,-1.07574227,1.07574227,historical_zoning_features,historical_snapshot_time_safe,low_to_medium_staleness_review,True
logistic_coefficient_screen,logistic_regression,zoning_enhanced_history,historical_zoning_code_C-2,,,1.07400759,1.07400759,historical_zoning_features,historical_snapshot_time_safe,low_to_medium_staleness_review,True
logistic_coefficient_screen,logistic_regression,zoning_enhanced_history,historical_zoning_code_OMP,,,-1.06595382,1.06595382,historical_zoning_features,historical_snapshot_time_safe,low_to_medium_staleness_review,True
logistic_coefficient_screen,logistic_regression,zoning_enhanced_history,historical_zoning_jurisdiction_Mt. Pleasant,,,-1.00729258,1.00729258,historical_zoning_features,historical_snapshot_time_safe,low_to_medium_staleness_review,True
logistic_coefficient_screen,logistic_regression,zoning_enhanced_history,historical_zoning_code_CC,,,0.98015036,0.98015036,historical_zoning_features,historical_snapshot_time_safe,low_to_medium_staleness_review,True
logistic_coefficient_screen,logistic_regression,zoning_enhanced_history,historical_zoning_code_MDR,,,0.94332755,0.94332755,historical_zoning_features,historical_snapshot_time_safe,low_to_medium_staleness_review,True
logistic_coefficient_screen,logistic_regression,zoning_enhanced_history,historical_zoning_code_CURM-1,,,0.9338977,0.9338977,historical_zoning_features,historical_snapshot_time_safe,low_to_medium_staleness_review,True
logistic_coefficient_screen,logistic_regression,zoning_enhanced_history,historical_zoning_code_MX-CC2,,,0.91509601,0.91509601,historical_zoning_features,historical_snapshot_time_safe,low_to_medium_staleness_review,True
logistic_coefficient_screen,logistic_regression,zoning_enhanced_history,historical_zoning_code_B-1,,,0.87007541,0.87007541,historical_zoning_features,historical_snapshot_time_safe,low_to_medium_staleness_review,True
logistic_coefficient_screen,logistic_regression,zoning_enhanced_history,historical_zoning_code_AO,,,-0.81520452,0.81520452,historical_zoning_features,historical_snapshot_time_safe,low_to_medium_staleness_review,True
logistic_coefficient_screen,logistic_regression,zoning_enhanced_history,zoning_temporal_status_exact_year,,,-0.77787953,0.77787953,historical_zoning_features,historical_snapshot_time_safe,low_to_medium_staleness_review,True
logistic_coefficient_screen,logistic_regression,zoning_enhanced_history,historical_zoning_code_I-2,,,-0.76322375,0.76322375,historical_zoning_features,historical_snapshot_time_safe,low_to_medium_staleness_review,True
logistic_coefficient_screen,logistic_regression,zoning_enhanced_history,historical_zoning_code_RV-CD,,,0.74752196,0.74752196,historical_zoning_features,historical_snapshot_time_safe,low_to_medium_staleness_review,True
logistic_coefficient_screen,logistic_regression,zoning_enhanced_history,historical_zoning_code_RC,,,-0.71821984,0.71821984,historical_zoning_features,historical_snapshot_time_safe,low_to_medium_staleness_review,True
logistic_coefficient_screen,logistic_regression,zoning_enhanced_history,historical_zoning_code_CURV,,,-0.6975043,0.6975043,historical_zoning_features,historical_snapshot_time_safe,low_to_medium_staleness_review,True
logistic_coefficient_screen,logistic_regression,zoning_enhanced_history,historical_zoning_code_RV,,,-0.65779221,0.65779221,historical_zoning_features,historical_snapshot_time_safe,low_to_medium_staleness_review,True
logistic_coefficient_screen,logistic_regression,zoning_enhanced_history,latest_zoning_intensity_change_review_required,,,-0.61306814,0.61306814,historical_zoning_features,historical_snapshot_time_safe,low_to_medium_staleness_review,True
logistic_coefficient_screen,logistic_regression,zoning_enhanced_history,historical_zoning_code_CUO-I,,,-0.60310066,0.60310066,historical_zoning_features,historical_snapshot_time_safe,low_to_medium_staleness_review,True
logistic_coefficient_screen,logistic_regression,zoning_enhanced_history,historical_zoning_code_CUI-1,,,-0.59356652,0.59356652,historical_zoning_features,historical_snapshot_time_safe,low_to_medium_staleness_review,True
logistic_coefficient_screen,logistic_regression,zoning_enhanced_history,zoning_change_confidence_high,,,-0.59046276,0.59046276,historical_zoning_features,historical_snapshot_time_safe,low_to_medium_staleness_review,True
logistic_coefficient_screen,logistic_regression,zoning_enhanced_history,zoning_change_count_prior_5yr,,,0.58789228,0.58789228,historical_zoning_features,historical_snapshot_time_safe,low_to_medium_staleness_review,True
logistic_coefficient_screen,logistic_regression,zoning_enhanced_history,historical_zoning_code_CZ-RM-1,,,0.5794864,0.5794864,historical_zoning_features,historical_snapshot_time_safe,low_to_medium_staleness_review,True
logistic_coefficient_screen,logistic_regression,zoning_enhanced_history,historical_zoning_code_RL,,,-0.57174824,0.57174824,historical_zoning_features,historical_snapshot_time_safe,low_to_medium_staleness_review,True
logistic_coefficient_screen,logistic_regression,zoning_enhanced_history,historical_zoning_code_GC,,,-0.56165454,0.56165454,historical_zoning_features,historical_snapshot_time_safe,low_to_medium_staleness_review,True
logistic_coefficient_screen,logistic_regression,zoning_enhanced_history,residential_growth_permits_prior_3yr,,,-0.53407304,0.53407304,permit_history_features,time_safe,low,False
logistic_coefficient_screen,logistic_regression,zoning_enhanced_history,historical_zoning_code_CUC-1,,,-0.52697912,0.52697912,historical_zoning_features,historical_snapshot_time_safe,low_to_medium_staleness_review,True
logistic_coefficient_screen,logistic_regression,zoning_enhanced_history,commercial_new_construction_prior_3yr,,,0.51151992,0.51151992,model_feature,current_context,review_required,False
logistic_coefficient_screen,logistic_regression,zoning_enhanced_history,historical_zoning_jurisdiction_Cabarrus County / Unincorporated,,,0.51045764,0.51045764,historical_zoning_features,historical_snapshot_time_safe,low_to_medium_staleness_review,True
logistic_coefficient_screen,logistic_regression,zoning_enhanced_history,historical_zoning_code_OI,,,-0.50824027,0.50824027,historical_zoning_features,historical_snapshot_time_safe,low_to_medium_staleness_review,True
logistic_coefficient_screen,logistic_regression,zoning_enhanced_history,permits_prior_5yr,,,-0.46521838,0.46521838,model_feature,current_context,review_required,False
logistic_coefficient_screen,logistic_regression,zoning_enhanced_history,historical_zoning_jurisdiction_Concord,,,0.46040083,0.46040083,historical_zoning_features,historical_snapshot_time_safe,low_to_medium_staleness_review,True
logistic_coefficient_screen,logistic_regression,zoning_enhanced_history,historical_zoning_code_GI,,,0.45596005,0.45596005,historical_zoning_features,historical_snapshot_time_safe,low_to_medium_staleness_review,True
logistic_coefficient_screen,logistic_regression,zoning_enhanced_history,historical_zoning_code_C-1,,,0.45568727,0.45568727,historical_zoning_features,historical_snapshot_time_safe,low_to_medium_staleness_review,True
logistic_coefficient_screen,logistic_regression,zoning_enhanced_history,historical_zoning_code_CD,,,-0.44060134,0.44060134,historical_zoning_features,historical_snapshot_time_safe,low_to_medium_staleness_review,True
logistic_coefficient_screen,logistic_regression,zoning_enhanced_history,years_since_last_permit,,,-0.43463485,0.43463485,model_feature,current_context,review_required,False
logistic_coefficient_screen,logistic_regression,zoning_enhanced_history,historical_zoning_code_infrequent_sklearn,,,0.3795043,0.3795043,historical_zoning_features,historical_snapshot_time_safe,low_to_medium_staleness_review,True
logistic_coefficient_screen,logistic_regression,zoning_enhanced_history,historical_zoning_code_RM-2,,,0.36256868,0.36256868,historical_zoning_features,historical_snapshot_time_safe,low_to_medium_staleness_review,True
logistic_coefficient_screen,logistic_regression,zoning_enhanced_history,new_construction_permits_prior_3yr,,,0.35760251,0.35760251,new_construction_history_features,time_safe,low,False
logistic_coefficient_screen,logistic_regression,zoning_enhanced_history,historical_zoning_general_category_residential,,,0.34646682,0.34646682,historical_zoning_features,historical_snapshot_time_safe,low_to_medium_staleness_review,True
logistic_coefficient_screen,logistic_regression,zoning_enhanced_history,historical_zoning_code_R-CO,,,-0.33904131,0.33904131,historical_zoning_features,historical_snapshot_time_safe,low_to_medium_staleness_review,True
logistic_coefficient_screen,logistic_regression,zoning_enhanced_history,completed_new_construction_prior_3yr,,,0.33082771,0.33082771,new_construction_history_features,time_safe,low,False
logistic_coefficient_screen,logistic_regression,zoning_enhanced_history,major_permits_prior_3yr,,,0.31637978,0.31637978,model_feature,current_context,review_required,False
logistic_coefficient_screen,logistic_regression,zoning_enhanced_history,zoning_history_available_flag,,,0.29921738,0.29921738,historical_zoning_features,historical_snapshot_time_safe,low_to_medium_staleness_review,True
logistic_coefficient_screen,logistic_regression,zoning_enhanced_history,residential_new_construction_prior_3yr,,,0.29525504,0.29525504,model_feature,current_context,review_required,False
logistic_coefficient_screen,logistic_regression,zoning_enhanced_history,zoning_changed_prior_5yr,,,-0.29257152,0.29257152,historical_zoning_features,historical_snapshot_time_safe,low_to_medium_staleness_review,True
logistic_coefficient_screen,logistic_regression,zoning_enhanced_history,years_since_last_new_construction,,,0.29034939,0.29034939,model_feature,current_context,review_required,False
logistic_coefficient_screen,logistic_regression,zoning_enhanced_history,historical_zoning_code_CZ-RC,,,-0.28694266,0.28694266,historical_zoning_features,historical_snapshot_time_safe,low_to_medium_staleness_review,True
logistic_coefficient_screen,logistic_regression,zoning_enhanced_history,historical_zoning_code_RE,,,0.25011702,0.25011702,historical_zoning_features,historical_snapshot_time_safe,low_to_medium_staleness_review,True
logistic_coefficient_screen,logistic_regression,zoning_enhanced_history,active_uncompleted_new_construction_prior_3yr,,,0.22693529,0.22693529,model_feature,current_context,review_required,False
logistic_coefficient_screen,logistic_regression,zoning_enhanced_history,commercial_activity_permits_prior_3yr,,,0.21978657,0.21978657,permit_history_features,time_safe,low,False
logistic_coefficient_screen,logistic_regression,zoning_enhanced_history,historical_zoning_code_CR,,,0.21818336,0.21818336,historical_zoning_features,historical_snapshot_time_safe,low_to_medium_staleness_review,True
logistic_coefficient_screen,logistic_regression,zoning_enhanced_history,new_construction_permits_prior_1yr,,,0.21747401,0.21747401,model_feature,current_context,review_required,False
logistic_coefficient_screen,logistic_regression,zoning_enhanced_history,historical_zoning_code_CURC,,,-0.21217906,0.21217906,historical_zoning_features,historical_snapshot_time_safe,low_to_medium_staleness_review,True
logistic_coefficient_screen,logistic_regression,zoning_enhanced_history,zoning_source_age_years,,,0.19531994,0.19531994,historical_zoning_features,historical_snapshot_time_safe,low_to_medium_staleness_review,True
logistic_coefficient_screen,logistic_regression,zoning_enhanced_history,historical_zoning_code_HDR-SU,,,0.19251738,0.19251738,historical_zoning_features,historical_snapshot_time_safe,low_to_medium_staleness_review,True
logistic_coefficient_screen,logistic_regression,zoning_enhanced_history,historical_zoning_jurisdiction_Kannapolis,,,-0.15973169,0.15973169,historical_zoning_features,historical_snapshot_time_safe,low_to_medium_staleness_review,True
logistic_coefficient_screen,logistic_regression,zoning_enhanced_history,zoning_prior_available_year_flag,,,0.15962968,0.15962968,historical_zoning_features,historical_snapshot_time_safe,low_to_medium_staleness_review,True
logistic_coefficient_screen,logistic_regression,zoning_enhanced_history,historical_zoning_general_category_industrial,,,-0.14955852,0.14955852,historical_zoning_features,historical_snapshot_time_safe,low_to_medium_staleness_review,True
logistic_coefficient_screen,logistic_regression,zoning_enhanced_history,historical_zoning_code_I-1,,,0.1436635,0.1436635,historical_zoning_features,historical_snapshot_time_safe,low_to_medium_staleness_review,True
logistic_coefficient_screen,logistic_regression,zoning_enhanced_history,zoning_exact_year_flag,,,-0.1430505,0.1430505,historical_zoning_features,historical_snapshot_time_safe,low_to_medium_staleness_review,True
logistic_coefficient_screen,logistic_regression,zoning_enhanced_history,historical_zoning_general_category_other_or_review,,,-0.1423624,0.1423624,historical_zoning_features,historical_snapshot_time_safe,low_to_medium_staleness_review,True
logistic_coefficient_screen,logistic_regression,zoning_enhanced_history,permits_prior_3yr,,,0.13316936,0.13316936,model_feature,current_context,review_required,False
logistic_coefficient_screen,logistic_regression,zoning_enhanced_history,historical_zoning_code_RM-1,,,0.10395366,0.10395366,historical_zoning_features,historical_snapshot_time_safe,low_to_medium_staleness_review,True
logistic_coefficient_screen,logistic_regression,zoning_enhanced_history,historical_zoning_code_C 24/27,,,-0.09647082,0.09647082,historical_zoning_features,historical_snapshot_time_safe,low_to_medium_staleness_review,True
logistic_coefficient_screen,logistic_regression,zoning_enhanced_history,had_prior_major_development_flag,,,-0.09519602,0.09519602,model_feature,current_context,review_required,False
logistic_coefficient_screen,logistic_regression,zoning_enhanced_history,demolition_permits_prior_3yr,,,0.09237606,0.09237606,model_feature,current_context,review_required,False
logistic_coefficient_screen,logistic_regression,zoning_enhanced_history,historical_zoning_code_LDR,,,-0.09064414,0.09064414,historical_zoning_features,historical_snapshot_time_safe,low_to_medium_staleness_review,True
logistic_coefficient_screen,logistic_regression,zoning_enhanced_history,zoning_changed_prior_3yr,,,0.08189236,0.08189236,historical_zoning_features,historical_snapshot_time_safe,low_to_medium_staleness_review,True
logistic_coefficient_screen,logistic_regression,zoning_enhanced_history,rezoned_to_growth_supportive_prior_5yr,,,0.08008924,0.08008924,historical_zoning_features,historical_snapshot_time_safe,low_to_medium_staleness_review,True
logistic_coefficient_screen,logistic_regression,zoning_enhanced_history,zoning_intensity_decreased_prior_5yr,,,-0.07870244,0.07870244,historical_zoning_features,historical_snapshot_time_safe,low_to_medium_staleness_review,True
logistic_coefficient_screen,logistic_regression,zoning_enhanced_history,zoning_intensity_increased_prior_5yr,,,-0.0548485,0.0548485,historical_zoning_features,historical_snapshot_time_safe,low_to_medium_staleness_review,True
logistic_coefficient_screen,logistic_regression,zoning_enhanced_history,redevelopment_permits_prior_3yr,,,-0.04779792,0.04779792,model_feature,current_context,review_required,False
logistic_coefficient_screen,logistic_regression,zoning_enhanced_history,zoning_changed_prior_1yr,,,-0.04459481,0.04459481,historical_zoning_features,historical_snapshot_time_safe,low_to_medium_staleness_review,True
logistic_coefficient_screen,logistic_regression,zoning_enhanced_history,historical_zoning_code_CD-RM-2,,,-0.03795651,0.03795651,historical_zoning_features,historical_snapshot_time_safe,low_to_medium_staleness_review,True
logistic_coefficient_screen,logistic_regression,zoning_enhanced_history,permits_prior_1yr,,,0.03464325,0.03464325,permit_history_features,time_safe,low,False
logistic_coefficient_screen,logistic_regression,zoning_enhanced_history,years_since_last_zoning_change,,,-0.02248716,0.02248716,historical_zoning_features,historical_snapshot_time_safe,low_to_medium_staleness_review,True
logistic_coefficient_screen,logistic_regression,zoning_enhanced_history,historical_zoning_general_category_agricultural_or_rural,,,0.01329211,0.01329211,historical_zoning_features,historical_snapshot_time_safe,low_to_medium_staleness_review,True
logistic_coefficient_screen,logistic_regression,zoning_enhanced_history,zoning_temporal_status_unavailable,,,-0.00932317,0.00932317,historical_zoning_features,historical_snapshot_time_safe,low_to_medium_staleness_review,True
permutation_average_precision,hist_gradient_boosting,zoning_enhanced_history,latest_zoning_change_type,-0.02538652,0.00401711,,,historical_zoning_features,historical_snapshot_time_safe,low_to_medium_staleness_review,True
permutation_average_precision,hist_gradient_boosting,zoning_enhanced_history,years_since_last_permit,0.01755356,0.00226665,,,model_feature,time_safe,low,False
permutation_average_precision,hist_gradient_boosting,zoning_enhanced_history,zoning_map_change_only_flag,0.00572978,0.00049288,,,historical_zoning_features,historical_snapshot_time_safe,low_to_medium_staleness_review,True
permutation_average_precision,hist_gradient_boosting,zoning_enhanced_history,latest_zoning_intensity_change,-0.00478589,0.00038771,,,historical_zoning_features,historical_snapshot_time_safe,low_to_medium_staleness_review,True
permutation_average_precision,hist_gradient_boosting,zoning_enhanced_history,historical_zoning_general_category,0.00174242,0.00279229,,,historical_zoning_features,historical_snapshot_time_safe,low_to_medium_staleness_review,True
permutation_average_precision,hist_gradient_boosting,zoning_enhanced_history,completed_new_construction_prior_3yr,0.00165992,0.00043817,,,new_construction_history_features,time_safe,low,False
permutation_average_precision,hist_gradient_boosting,zoning_enhanced_history,demolition_permits_prior_3yr,0.00114405,5.269e-05,,,model_feature,time_safe,low,False
permutation_average_precision,hist_gradient_boosting,zoning_enhanced_history,historical_zoning_code,0.00109627,0.00448096,,,historical_zoning_features,historical_snapshot_time_safe,low_to_medium_staleness_review,True
permutation_average_precision,hist_gradient_boosting,zoning_enhanced_history,historical_zoning_jurisdiction,-0.00105134,0.00430107,,,historical_zoning_features,historical_snapshot_time_safe,low_to_medium_staleness_review,True
permutation_average_precision,hist_gradient_boosting,zoning_enhanced_history,years_since_last_zoning_change,0.00058431,0.0004579,,,historical_zoning_features,historical_snapshot_time_safe,low_to_medium_staleness_review,True
permutation_average_precision,hist_gradient_boosting,zoning_enhanced_history,new_construction_permits_prior_3yr,0.00032316,0.00025496,,,new_construction_history_features,time_safe,low,False
permutation_average_precision,hist_gradient_boosting,zoning_enhanced_history,years_since_last_new_construction,0.00028666,0.00019616,,,model_feature,time_safe,low,False
permutation_average_precision,hist_gradient_boosting,zoning_enhanced_history,residential_new_construction_prior_3yr,0.00023345,0.0002197,,,model_feature,time_safe,low,False
permutation_average_precision,hist_gradient_boosting,zoning_enhanced_history,new_construction_permits_prior_5yr,0.0001835,0.00019336,,,model_feature,time_safe,low,False
permutation_average_precision,hist_gradient_boosting,zoning_enhanced_history,active_uncompleted_new_construction_prior_3yr,-0.00012999,0.00010558,,,model_feature,time_safe,low,False
permutation_average_precision,hist_gradient_boosting,zoning_enhanced_history,permits_prior_5yr,-0.00012311,7.22e-06,,,model_feature,time_safe,low,False
permutation_average_precision,hist_gradient_boosting,zoning_enhanced_history,new_construction_permits_prior_1yr,0.00010665,4.407e-05,,,model_feature,time_safe,low,False
permutation_average_precision,hist_gradient_boosting,zoning_enhanced_history,zoning_change_confidence,-9.239e-05,0.00030132,,,historical_zoning_features,historical_snapshot_time_safe,low_to_medium_staleness_review,True
permutation_average_precision,hist_gradient_boosting,zoning_enhanced_history,redevelopment_permits_prior_3yr,7.919e-05,0.00011423,,,model_feature,time_safe,low,False
permutation_average_precision,hist_gradient_boosting,zoning_enhanced_history,commercial_new_construction_prior_3yr,-6.944e-05,1.19e-06,,,model_feature,time_safe,low,False
permutation_average_precision,hist_gradient_boosting,zoning_enhanced_history,commercial_activity_permits_prior_3yr,-5.447e-05,5.53e-06,,,permit_history_features,time_safe,low,False
permutation_average_precision,hist_gradient_boosting,zoning_enhanced_history,had_prior_major_development_flag,-4.459e-05,1.875e-05,,,model_feature,time_safe,low,False
permutation_average_precision,hist_gradient_boosting,zoning_enhanced_history,residential_growth_permits_prior_3yr,-3.164e-05,0.00049999,,,permit_history_features,time_safe,low,False
permutation_average_precision,hist_gradient_boosting,zoning_enhanced_history,zoning_history_available_flag,-2.741e-05,1.32e-05,,,historical_zoning_features,historical_snapshot_time_safe,low_to_medium_staleness_review,True
permutation_average_precision,hist_gradient_boosting,zoning_enhanced_history,zoning_source_age_years,-1.33e-05,5.29e-06,,,historical_zoning_features,historical_snapshot_time_safe,low_to_medium_staleness_review,True
permutation_average_precision,hist_gradient_boosting,zoning_enhanced_history,zoning_prior_available_year_flag,-1.065e-05,4.81e-06,,,historical_zoning_features,historical_snapshot_time_safe,low_to_medium_staleness_review,True
permutation_average_precision,hist_gradient_boosting,zoning_enhanced_history,permits_prior_3yr,-7.74e-06,7.4e-07,,,model_feature,time_safe,low,False
permutation_average_precision,hist_gradient_boosting,zoning_enhanced_history,permits_prior_1yr,-1.47e-06,8.072e-05,,,permit_history_features,time_safe,low,False
permutation_average_precision,hist_gradient_boosting,zoning_enhanced_history,major_permits_prior_3yr,0.0,0.0,,,model_feature,time_safe,low,False
permutation_average_precision,hist_gradient_boosting,zoning_enhanced_history,zoning_change_count_prior_5yr,0.0,0.0,,,historical_zoning_features,historical_snapshot_time_safe,low_to_medium_staleness_review,True
permutation_average_precision,hist_gradient_boosting,zoning_enhanced_history,zoning_exact_year_flag,0.0,0.0,,,historical_zoning_features,historical_snapshot_time_safe,low_to_medium_staleness_review,True
permutation_average_precision,hist_gradient_boosting,zoning_enhanced_history,zoning_changed_prior_1yr,0.0,0.0,,,historical_zoning_features,historical_snapshot_time_safe,low_to_medium_staleness_review,True
permutation_average_precision,hist_gradient_boosting,zoning_enhanced_history,zoning_changed_prior_3yr,0.0,0.0,,,historical_zoning_features,historical_snapshot_time_safe,low_to_medium_staleness_review,True
permutation_average_precision,hist_gradient_boosting,zoning_enhanced_history,zoning_changed_prior_5yr,0.0,0.0,,,historical_zoning_features,historical_snapshot_time_safe,low_to_medium_staleness_review,True
permutation_average_precision,hist_gradient_boosting,zoning_enhanced_history,zoning_intensity_increased_prior_5yr,0.0,0.0,,,historical_zoning_features,historical_snapshot_time_safe,low_to_medium_staleness_review,True
permutation_average_precision,hist_gradient_boosting,zoning_enhanced_history,zoning_intensity_decreased_prior_5yr,0.0,0.0,,,historical_zoning_features,historical_snapshot_time_safe,low_to_medium_staleness_review,True
permutation_average_precision,hist_gradient_boosting,zoning_enhanced_history,rezoned_to_growth_supportive_prior_5yr,0.0,0.0,,,historical_zoning_features,historical_snapshot_time_safe,low_to_medium_staleness_review,True
permutation_average_precision,hist_gradient_boosting,zoning_enhanced_history,zoning_temporal_status,0.0,0.0,,,historical_zoning_features,historical_snapshot_time_safe,low_to_medium_staleness_review,True
