official_parcel_id,pin14,total_permits,residential_growth_permits,commercial_activity_permits,redevelopment_signal_permits,demolition_permits,high_value_permits,major_value_permits,total_permit_amount,first_permit_date,latest_permit_date,active_year_count,dominant_permit_segment,dominant_growth_signal,permit_signal_score_max,permit_signal_score_avg,current_activity_status
CFS-PARCEL-0149726579,45896367300000,286,73,110,57,27,96,20,61926619.0,2000-08-02,2025-10-22,19,commercial_activity,major_growth,100.0,71.43,active_construction
CFS-PARCEL-0149808150,56213814220000,170,92,31,21,7,57,27,154499165.69,2008-02-01,2025-12-12,18,residential_growth,major_growth,100.0,76.45,completed_historical
CFS-PARCEL-0149752131,55091820390000,127,37,2,83,0,38,10,31860549.0,2014-05-12,2025-11-04,8,redevelopment_signal,redevelopment_signal,100.0,78.23,active_construction
CFS-PARCEL-0149789146,56102182090000,62,32,19,6,1,40,28,775168452.0,2022-05-12,2025-10-02,4,residential_growth,major_growth,100.0,85.42,active_construction
CFS-PARCEL-0149783110,56010135370000,61,17,26,10,5,11,6,10384365.44,2008-04-01,2025-11-12,17,commercial_activity,major_growth,100.0,69.9,active_construction
CFS-PARCEL-0149784413,56017349760000,49,13,17,9,0,17,9,10477711.0,2006-08-01,2025-08-20,12,commercial_activity,major_growth,100.0,65.98,active_construction
CFS-PARCEL-0149727441,45988876150000,47,26,10,1,4,12,5,5557192.0,2003-11-01,2025-03-14,15,residential_growth,major_growth,100.0,66.15,active_construction
CFS-PARCEL-0149727442,45988876150000,47,26,10,1,4,12,5,5557192.0,2003-11-01,2025-03-14,15,residential_growth,major_growth,100.0,66.15,active_construction
CFS-PARCEL-0149811661,56224522260000,39,25,8,1,0,16,13,25987394.0,2022-07-29,2024-06-06,3,residential_growth,major_growth,100.0,79.87,active_construction
CFS-PARCEL-0149803800,56202933410000,35,7,13,9,2,12,1,3627585.01,2008-06-01,2025-07-01,13,commercial_activity,major_growth,100.0,70.54,active_construction
CFS-PARCEL-0149728128,45996917900000,34,3,5,22,0,7,6,8485701.0,2021-08-25,2025-02-19,5,redevelopment_signal,redevelopment_signal,100.0,67.41,completed_historical
CFS-PARCEL-0149733192,46725271000000,31,9,3,2,8,8,5,22970511.0,2011-06-09,2025-12-05,11,residential_growth,major_growth,100.0,62.06,active_construction
CFS-PARCEL-0149746632,55070349970000,31,7,16,6,0,12,5,8932189.0,2011-01-14,2025-06-13,8,commercial_activity,major_growth,100.0,72.65,active_construction
CFS-PARCEL-0149820657,56228509330000,31,9,11,3,0,12,4,4894164.0,2015-04-21,2025-03-14,11,commercial_activity,major_growth,100.0,63.19,active_construction
CFS-PARCEL-0149726859,45899406520000,30,8,13,2,5,10,3,6940581.0,2007-06-01,2024-03-22,12,commercial_activity,major_growth,100.0,69.8,active_construction
CFS-PARCEL-0149811576,56225480760000,30,4,22,2,1,9,5,6347076.0,2007-08-01,2024-11-18,10,commercial_activity,moderate_activity,100.0,75.27,completed_historical
CFS-PARCEL-0149790288,56109358970000,30,11,13,2,1,6,1,6343387.0,2005-09-01,2025-01-07,15,commercial_activity,major_growth,100.0,69.73,completed_historical
CFS-PARCEL-0149744805,55061281970000,29,12,7,5,3,5,2,11931749.0,2003-10-01,2025-09-09,15,residential_growth,major_growth,100.0,67.83,active_construction
CFS-PARCEL-0149744806,55061281970000,29,12,7,5,3,5,2,11931749.0,2003-10-01,2025-09-09,15,residential_growth,major_growth,100.0,67.83,active_construction
CFS-PARCEL-0149766209,55298044070000,29,16,3,2,1,5,3,3805304.0,2002-08-01,2025-06-27,15,residential_growth,major_growth,100.0,61.86,completed_historical
CFS-PARCEL-0149760103,55094309100000,28,3,16,7,2,5,1,2578788.0,2010-10-14,2025-05-23,11,commercial_activity,moderate_activity,100.0,69.61,completed_historical
CFS-PARCEL-0149742041,46918500940000,27,24,2,1,0,24,15,26768521.5,2024-05-30,2025-10-03,2,residential_growth,major_growth,100.0,95.81,active_construction
CFS-PARCEL-0149781661,56001675750000,27,12,9,3,0,13,3,7554052.0,2008-02-01,2025-07-25,13,residential_growth,major_growth,100.0,74.85,active_construction
CFS-PARCEL-0149772008,55393469600000,27,9,3,10,1,4,1,2420551.0,2004-04-01,2025-09-17,17,redevelopment_signal,redevelopment_signal,100.0,67.11,completed_historical
CFS-PARCEL-0149772858,55398353410000,26,3,15,5,1,7,3,4118947.0,2006-07-01,2025-05-12,13,commercial_activity,major_growth,100.0,69.58,active_construction
CFS-PARCEL-0149735622,45899170630000,26,6,4,7,2,3,1,1903318.0,2008-04-01,2025-12-01,13,redevelopment_signal,major_growth,100.0,56.65,active_construction
CFS-PARCEL-0149820563,56225731840000,25,6,7,10,0,4,3,4510453.0,2003-08-01,2025-12-11,15,redevelopment_signal,major_growth,100.0,67.68,active_construction
CFS-PARCEL-0149820564,56225731840000,25,6,7,10,0,4,3,4510453.0,2003-08-01,2025-12-11,15,redevelopment_signal,major_growth,100.0,67.68,active_construction
CFS-PARCEL-0149736377,46808418530000,23,12,5,1,0,9,4,10334182.0,2018-06-07,2025-12-12,6,residential_growth,major_growth,100.0,69.61,active_construction
CFS-PARCEL-0149749977,46900022520000,22,11,4,3,0,8,4,30481722.93,2010-12-01,2025-11-20,11,residential_growth,major_growth,100.0,69.41,active_construction
CFS-PARCEL-0149749978,46900022520000,22,11,4,3,0,8,4,30481722.93,2010-12-01,2025-11-20,11,residential_growth,major_growth,100.0,69.41,active_construction
CFS-PARCEL-0149783366,56010745830000,22,14,7,0,1,16,10,10311692.0,2021-08-19,2024-09-03,3,residential_growth,major_growth,100.0,91.36,active_construction
CFS-PARCEL-0149782644,56003847100000,22,3,12,1,2,6,2,3548107.0,2003-09-01,2025-04-29,9,commercial_activity,moderate_activity,100.0,61.77,active_construction
CFS-PARCEL-0149740691,46904402680000,21,2,12,2,0,11,3,8967559.75,2019-03-07,2024-06-13,6,commercial_activity,major_growth,100.0,65.62,recently_issued
CFS-PARCEL-0149726723,45896608890000,20,4,7,8,0,5,4,5740150.0,2008-09-01,2025-12-01,10,redevelopment_signal,major_growth,100.0,73.6,active_construction
CFS-PARCEL-0149726777,45894568390000,20,1,12,3,0,6,1,2019988.0,2014-04-02,2023-04-17,8,commercial_activity,moderate_activity,100.0,59.95,active_construction
CFS-PARCEL-0149772105,55394963240000,20,5,4,5,0,3,2,1974808.0,2004-05-01,2025-01-17,11,residential_growth,major_growth,100.0,54.55,active_construction
CFS-PARCEL-0149783695,55470645480000,19,5,10,0,1,10,5,29137945.0,2011-10-17,2025-01-15,9,commercial_activity,major_growth,100.0,75.26,completed_historical
CFS-PARCEL-0149800004,56136949870000,19,1,8,6,0,6,2,2374108.0,2018-11-07,2025-08-12,7,commercial_activity,major_growth,100.0,69.37,active_construction
CFS-PARCEL-0149797602,56106087490000,19,6,7,2,2,2,2,1277417.0,2010-05-27,2025-09-08,12,commercial_activity,major_growth,100.0,64.0,completed_historical
CFS-PARCEL-0149735734,46807386190000,18,5,3,1,0,6,3,14973966.0,2016-04-21,2025-10-28,9,administrative_or_unknown,major_growth,100.0,51.83,completed_historical
CFS-PARCEL-0149784401,56015864270000,18,6,6,5,0,9,3,3471854.0,2008-02-01,2024-07-24,11,commercial_activity,major_growth,100.0,79.39,completed_historical
CFS-PARCEL-0149744624,46808733070000,17,2,7,4,1,6,2,15296671.0,2015-09-29,2025-11-07,8,commercial_activity,major_growth,100.0,68.35,active_construction
CFS-PARCEL-0149727361,45991079970000,17,9,5,1,0,3,2,8414001.0,2014-03-11,2025-09-11,6,residential_growth,major_growth,100.0,67.12,active_construction
CFS-PARCEL-0149727362,45991079970000,17,9,5,1,0,3,2,8414001.0,2014-03-11,2025-09-11,6,residential_growth,major_growth,100.0,67.12,active_construction
CFS-PARCEL-0149794784,56126032870000,17,5,6,1,0,2,2,1954625.44,2008-01-01,2025-06-18,10,commercial_activity,major_growth,100.0,55.12,active_construction
CFS-PARCEL-0149790032,56106037550000,16,5,8,2,0,5,2,5220846.8,2007-02-01,2025-06-16,11,commercial_activity,major_growth,100.0,73.0,completed_historical
CFS-PARCEL-0149819993,56311156540000,16,2,9,0,2,5,3,3255530.0,2007-11-01,2025-06-19,10,commercial_activity,major_growth,100.0,64.25,active_construction
CFS-PARCEL-0149747721,55074564430000,16,3,0,1,8,1,1,3041900.0,2004-06-01,2025-04-02,4,demolition,redevelopment_signal,100.0,53.31,completed_historical
CFS-PARCEL-0149781892,56004805840000,16,10,3,0,2,1,1,1199329.0,2012-07-20,2022-06-16,3,residential_growth,major_growth,100.0,65.88,no_recent_activity
CFS-PARCEL-0149748364,55078747080000,16,6,6,3,1,3,0,650660.0,2007-02-01,2025-06-12,11,commercial_activity,major_growth,100.0,71.81,active_construction
CFS-PARCEL-0149811721,56226708010000,16,8,5,2,1,2,0,423685.0,2005-01-01,2024-12-04,11,residential_growth,major_growth,100.0,72.38,active_construction
CFS-PARCEL-0149771939,55394235410000,15,7,7,0,1,8,4,20624134.0,2022-01-20,2023-11-03,2,commercial_activity,major_growth,100.0,88.67,active_construction
CFS-PARCEL-0149771940,55394235410000,15,7,7,0,1,8,4,20624134.0,2022-01-20,2023-11-03,2,commercial_activity,major_growth,100.0,88.67,active_construction
CFS-PARCEL-0149736402,46809702100000,15,3,2,8,0,4,2,11168339.0,2014-07-07,2024-07-08,7,redevelopment_signal,redevelopment_signal,100.0,72.4,active_construction
CFS-PARCEL-0149810003,56218680090000,15,4,3,2,1,4,3,3380765.0,2005-09-01,2025-07-10,10,residential_growth,major_growth,100.0,58.8,active_construction
CFS-PARCEL-0149810011,56218680090000,15,4,3,2,1,4,3,3380765.0,2005-09-01,2025-07-10,10,residential_growth,major_growth,100.0,58.8,active_construction
CFS-PARCEL-0149726315,45894630620000,15,7,4,2,0,8,0,2898225.34,2014-11-14,2022-08-10,5,residential_growth,major_growth,100.0,72.27,active_construction
CFS-PARCEL-0149731709,46719184870000,14,7,6,1,0,10,7,7128353.0,2018-03-23,2023-07-12,5,residential_growth,major_growth,100.0,87.64,active_construction
CFS-PARCEL-0149731710,46719184870000,14,7,6,1,0,10,7,7128353.0,2018-03-23,2023-07-12,5,residential_growth,major_growth,100.0,87.64,active_construction
CFS-PARCEL-0149800175,56135929920000,14,3,6,2,1,3,2,2303898.0,2004-04-01,2025-06-12,9,commercial_activity,major_growth,100.0,66.29,active_construction
CFS-PARCEL-0149800176,56135929920000,14,3,6,2,1,3,2,2303898.0,2004-04-01,2025-06-12,9,commercial_activity,major_growth,100.0,66.29,active_construction
CFS-PARCEL-0149800177,56135929920000,14,3,6,2,1,3,2,2303898.0,2004-04-01,2025-06-12,9,commercial_activity,major_growth,100.0,66.29,active_construction
CFS-PARCEL-0149800458,56138856170000,14,6,3,1,3,3,1,1335331.01,2004-06-01,2025-11-21,9,residential_growth,major_growth,100.0,70.36,completed_historical
CFS-PARCEL-0149800459,56138856170000,14,6,3,1,3,3,1,1335331.01,2004-06-01,2025-11-21,9,residential_growth,major_growth,100.0,70.36,completed_historical
CFS-PARCEL-0149741878,46918795730000,13,4,7,1,1,8,5,48809342.0,2023-07-18,2025-03-07,3,commercial_activity,major_growth,100.0,87.62,completed_historical
CFS-PARCEL-0149806557,56209758020000,13,3,2,3,3,5,3,39515000.0,2010-02-04,2023-06-22,8,demolition,redevelopment_signal,100.0,70.69,recently_issued
CFS-PARCEL-0149736343,46808151590000,13,4,6,1,0,9,6,20388333.0,2014-04-03,2025-07-08,7,commercial_activity,major_growth,100.0,78.85,active_construction
CFS-PARCEL-0149738503,46814991920000,13,4,1,1,2,1,1,13165577.0,2014-08-07,2025-08-08,6,residential_growth,unknown,100.0,53.62,completed_historical
CFS-PARCEL-0149787750,56039998030000,13,5,3,1,1,3,2,8469780.0,2003-06-01,2025-09-30,8,residential_growth,major_growth,100.0,61.15,completed_historical
CFS-PARCEL-0149747526,55070193500000,13,3,7,0,1,7,2,3162209.0,2007-04-01,2025-08-29,9,commercial_activity,major_growth,100.0,76.0,completed_historical
CFS-PARCEL-0149726478,45895508020000,13,1,11,1,0,5,0,1966261.82,2014-11-20,2025-05-29,5,commercial_activity,moderate_activity,100.0,76.38,active_construction
CFS-PARCEL-0149735896,46806495590000,12,4,1,1,0,8,3,12222843.73,2017-08-02,2023-01-24,6,administrative_or_unknown,major_growth,100.0,57.75,unknown
CFS-PARCEL-0149728449,45982810130000,12,7,3,1,1,3,2,6885668.83,2008-02-01,2025-05-20,8,residential_growth,major_growth,100.0,75.92,active_construction
CFS-PARCEL-0149776844,55555161510000,12,3,1,0,6,5,4,3728900.0,2016-09-22,2022-10-12,5,demolition,redevelopment_signal,100.0,61.67,active_construction
CFS-PARCEL-0149726808,45897491730000,12,8,3,0,1,4,2,2687825.0,2009-01-01,2025-12-08,4,residential_growth,major_growth,100.0,80.83,active_construction
CFS-PARCEL-0149735746,46806049020000,12,6,3,2,0,3,3,1894533.0,2008-04-01,2022-09-16,8,residential_growth,major_growth,100.0,71.17,active_construction
CFS-PARCEL-0149804453,56205758410000,12,4,3,2,1,3,1,1638750.0,2010-07-08,2024-05-02,10,residential_growth,major_growth,100.0,69.17,completed_historical
CFS-PARCEL-0149811694,56224251290000,11,7,1,1,0,1,1,36177458.0,2008-03-01,2024-12-03,4,residential_growth,major_growth,100.0,60.45,completed_historical
CFS-PARCEL-0149803148,56146088720001,11,1,7,1,0,9,2,7736515.0,2013-12-13,2025-01-21,9,commercial_activity,major_growth,100.0,79.55,completed_historical
CFS-PARCEL-0149749222,55078667140000,11,3,5,2,0,4,2,4427115.0,2011-06-17,2024-12-12,7,commercial_activity,major_growth,100.0,74.55,active_construction
CFS-PARCEL-0149805705,56208785080000,10,2,7,0,1,6,1,28074895.0,2020-12-08,2025-06-12,6,commercial_activity,major_growth,100.0,81.2,completed_historical
CFS-PARCEL-0149784549,56018447400000,10,2,6,0,1,6,5,24969904.0,2016-09-13,2025-12-11,5,commercial_activity,major_growth,100.0,77.2,recently_issued
CFS-PARCEL-0149785044,56020084910000,10,0,4,1,2,6,5,20555220.0,2018-06-08,2025-10-29,6,commercial_activity,major_growth,100.0,67.3,completed_historical
CFS-PARCEL-0149740870,46904306160000,10,2,6,1,0,4,2,17635893.0,2023-01-18,2024-05-02,2,commercial_activity,major_growth,100.0,78.9,active_construction
CFS-PARCEL-0149803885,56204434980000,10,2,4,3,0,3,2,6666478.0,2020-08-05,2025-07-03,5,commercial_activity,major_growth,100.0,74.9,completed_historical
CFS-PARCEL-0149792067,56008150960000,10,4,0,2,0,1,1,2691400.0,2009-07-01,2025-09-04,8,residential_growth,major_growth,100.0,54.6,completed_historical
CFS-PARCEL-0149826984,56702395090000,10,1,3,3,0,2,1,2305753.86,2017-03-23,2024-02-19,5,commercial_activity,major_growth,100.0,61.7,active_construction
CFS-PARCEL-0149805752,56208212260000,10,7,2,0,1,8,0,2201667.0,2017-08-21,2025-10-31,3,residential_growth,major_growth,100.0,92.8,active_construction
CFS-PARCEL-0149812195,56226733100000,10,5,3,1,0,3,1,1891153.0,2003-04-01,2024-08-02,9,residential_growth,major_growth,100.0,71.5,active_construction
CFS-PARCEL-0149812196,56226733100000,10,5,3,1,0,3,1,1891153.0,2003-04-01,2024-08-02,9,residential_growth,major_growth,100.0,71.5,active_construction
CFS-PARCEL-0149808530,56214025350000,10,5,2,2,0,4,2,1581465.0,2009-01-01,2025-07-01,8,residential_growth,major_growth,100.0,75.6,completed_historical
CFS-PARCEL-0149820784,56230021240000,10,1,6,1,2,4,2,1545029.0,2011-08-09,2025-04-17,6,commercial_activity,major_growth,100.0,76.3,completed_historical
CFS-PARCEL-0149727653,45995270340000,10,3,2,0,1,4,1,1465867.24,2006-09-01,2025-06-30,8,administrative_or_unknown,major_growth,100.0,55.4,completed_historical
CFS-PARCEL-0149784286,56014252270000,9,4,4,1,0,7,3,28171492.0,2012-03-12,2025-01-06,5,commercial_activity,major_growth,100.0,86.11,active_construction
CFS-PARCEL-0149808607,56214651550000,9,3,1,0,2,2,1,11993922.0,2010-09-03,2025-05-05,8,residential_growth,unknown,100.0,54.89,active_construction
CFS-PARCEL-0149803298,56203431470000,9,1,3,2,2,2,1,6337448.0,2003-07-01,2025-06-19,6,commercial_activity,redevelopment_signal,100.0,67.33,completed_historical
CFS-PARCEL-0149783143,56010964230000,9,4,3,1,0,2,2,5617894.8,2006-06-01,2025-01-29,5,residential_growth,major_growth,100.0,67.89,completed_historical
CFS-PARCEL-0149733353,46735613280000,9,1,3,0,1,5,3,3122000.0,2016-09-09,2025-09-16,6,commercial_activity,major_growth,100.0,57.33,active_construction
CFS-PARCEL-0149807214,56212074070000,9,2,2,0,5,2,2,1214550.0,2023-05-11,2025-10-30,2,demolition,redevelopment_signal,100.0,69.33,active_construction
CFS-PARCEL-0149826714,56701779360000,9,3,2,1,2,1,1,1011964.0,2003-06-01,2024-07-03,5,residential_growth,major_growth,100.0,65.44,completed_historical
CFS-PARCEL-0149826715,56701779360000,9,3,2,1,2,1,1,1011964.0,2003-06-01,2024-07-03,5,residential_growth,major_growth,100.0,65.44,completed_historical
CFS-PARCEL-0149826731,56701779360000,9,3,2,1,2,1,1,1011964.0,2003-06-01,2024-07-03,5,residential_growth,major_growth,100.0,65.44,completed_historical
CFS-PARCEL-0149791319,56108128310000,9,3,1,3,2,2,0,659697.0,2009-03-01,2022-07-14,4,residential_growth,redevelopment_signal,100.0,72.11,active_construction
CFS-PARCEL-0149749356,55079718340000,9,5,3,1,0,2,0,337456.5,2007-12-01,2022-09-13,5,residential_growth,major_growth,100.0,74.78,active_construction
CFS-PARCEL-0149749357,55079718340000,9,5,3,1,0,2,0,337456.5,2007-12-01,2022-09-13,5,residential_growth,major_growth,100.0,74.78,active_construction
CFS-PARCEL-0149726619,45899200440000,8,3,3,1,0,3,1,2588676.0,2008-07-01,2025-07-30,6,commercial_activity,major_growth,100.0,74.38,active_construction
CFS-PARCEL-0149727308,45982809390000,8,3,3,2,0,4,1,2234460.0,2004-05-01,2025-02-18,6,commercial_activity,major_growth,100.0,83.0,active_construction
CFS-PARCEL-0149735918,46807003990000,8,5,1,1,0,2,1,2193479.0,2004-03-01,2024-12-09,8,residential_growth,major_growth,100.0,69.38,active_construction
CFS-PARCEL-0149817756,56300052580000,8,3,3,1,0,6,2,1952865.0,2020-06-26,2025-01-23,5,residential_growth,major_growth,100.0,79.13,recently_issued
CFS-PARCEL-0149826108,56605607490000,8,3,2,0,3,1,0,383182.0,2022-08-22,2025-01-13,3,residential_growth,major_growth,100.0,72.5,active_construction
CFS-PARCEL-0149784301,56015728890000,8,2,5,1,0,1,0,246650.0,2013-02-06,2024-12-11,4,commercial_activity,moderate_activity,100.0,72.63,active_construction
CFS-PARCEL-0149784339,56015728890000,8,2,5,1,0,1,0,246650.0,2013-02-06,2024-12-11,4,commercial_activity,moderate_activity,100.0,72.63,active_construction
CFS-PARCEL-0149735747,46806152280000,8,5,2,1,0,1,0,202343.0,2006-12-01,2023-09-08,7,residential_growth,major_growth,100.0,73.13,active_construction
CFS-PARCEL-0149728602,45993001290000,7,2,3,2,0,2,2,15448312.0,2024-03-11,2025-05-23,2,commercial_activity,major_growth,100.0,81.14,active_construction
CFS-PARCEL-0149784008,56011243110000,7,2,2,0,3,1,1,5391957.0,2023-07-31,2024-09-27,2,demolition,redevelopment_signal,100.0,68.29,active_construction
CFS-PARCEL-0149784009,56011243110000,7,2,2,0,3,1,1,5391957.0,2023-07-31,2024-09-27,2,demolition,redevelopment_signal,100.0,68.29,active_construction
CFS-PARCEL-0149790033,56106166520000,7,2,1,1,0,3,1,4302524.0,2011-11-21,2022-07-29,3,administrative_or_unknown,unknown,100.0,52.71,active_construction
CFS-PARCEL-0149727488,45989396020000,7,0,2,0,3,3,2,3632735.91,2015-08-25,2025-07-23,3,demolition,redevelopment_signal,100.0,63.71,completed_historical
CFS-PARCEL-0149808373,56211917880000,7,2,2,0,1,2,1,2189600.0,2010-10-12,2023-02-07,4,residential_growth,major_growth,100.0,62.29,active_construction
CFS-PARCEL-0149758473,55187496190000,7,4,2,1,0,3,2,1624054.0,2023-06-16,2025-06-05,3,residential_growth,major_growth,100.0,85.86,active_construction
CFS-PARCEL-0149802582,56145072260000,7,1,1,1,0,5,1,1568232.0,2017-10-30,2024-06-18,4,administrative_or_unknown,unknown,100.0,52.71,completed_historical
CFS-PARCEL-0149811533,56224905540000,7,3,1,0,3,1,1,1521500.0,2019-02-19,2025-07-01,4,residential_growth,major_growth,100.0,70.86,completed_historical
CFS-PARCEL-0149727360,45991026210000,7,3,1,2,0,2,1,1178190.0,2005-04-01,2024-08-09,7,residential_growth,major_growth,100.0,68.29,completed_historical
CFS-PARCEL-0149827028,56703946940000,7,3,1,2,0,1,1,1129707.0,2014-05-22,2020-01-06,5,residential_growth,major_growth,100.0,68.29,no_recent_activity
CFS-PARCEL-0149755075,55171713120103,7,1,4,2,0,1,1,779644.0,2013-04-30,2025-10-01,4,commercial_activity,moderate_activity,100.0,73.71,completed_historical
CFS-PARCEL-0149755076,55171713120103,7,1,4,2,0,1,1,779644.0,2013-04-30,2025-10-01,4,commercial_activity,moderate_activity,100.0,73.71,completed_historical
CFS-PARCEL-0149754387,55063300540000,7,2,2,2,0,1,1,775000.0,2013-07-29,2025-05-30,6,commercial_activity,major_growth,100.0,70.57,completed_historical
CFS-PARCEL-0149799397,56135833780000,7,3,0,0,3,2,0,469794.0,2019-02-01,2022-07-14,3,residential_growth,major_growth,100.0,64.0,active_construction
CFS-PARCEL-0149820930,56336874780000,6,0,3,1,0,4,4,33554498.0,2021-09-07,2025-10-22,3,commercial_activity,major_growth,100.0,74.5,active_construction
CFS-PARCEL-0149802661,56145145560000,6,1,2,1,0,3,3,29682000.0,2014-07-24,2024-09-18,5,commercial_activity,major_growth,100.0,64.83,completed_historical
CFS-PARCEL-0149772044,55393666570000,6,3,1,0,1,2,2,14526630.0,2017-10-17,2025-10-16,3,residential_growth,major_growth,100.0,70.67,completed_historical
CFS-PARCEL-0149805985,56208798140000,6,3,1,2,0,2,1,14254076.0,2011-11-15,2025-01-15,5,residential_growth,major_growth,100.0,79.0,active_construction
CFS-PARCEL-0149735674,46806159270000,6,1,2,2,0,1,1,4365897.0,2007-08-01,2025-06-05,5,commercial_activity,major_growth,100.0,60.0,active_construction
CFS-PARCEL-0149811826,56227807710000,6,2,1,0,2,1,1,1336587.0,2016-05-31,2025-08-05,3,residential_growth,major_growth,100.0,60.67,completed_historical
CFS-PARCEL-0149811827,56227807710000,6,2,1,0,2,1,1,1336587.0,2016-05-31,2025-08-05,3,residential_growth,major_growth,100.0,60.67,completed_historical
CFS-PARCEL-0149746230,55066198340000,6,3,0,2,0,1,0,212240.0,2008-03-01,2022-11-14,3,residential_growth,major_growth,100.0,67.33,active_construction
CFS-PARCEL-0149727673,45991072900000,5,0,4,1,0,4,3,5441059.0,2023-09-13,2024-10-14,2,commercial_activity,major_growth,100.0,96.6,active_construction
CFS-PARCEL-0149728572,45990412850000,5,3,1,1,0,2,2,3989357.0,2008-07-01,2023-11-22,4,residential_growth,major_growth,100.0,78.6,recently_issued
CFS-PARCEL-0149785429,56022090450000,5,1,3,1,0,3,3,3902429.0,2004-05-01,2023-09-28,3,commercial_activity,major_growth,100.0,85.0,active_construction
CFS-PARCEL-0149812617,56205135660000,5,2,2,0,1,4,1,1935860.0,2010-08-20,2025-11-24,5,commercial_activity,major_growth,100.0,88.4,completed_historical
CFS-PARCEL-0149775107,55478658620000,5,3,0,1,1,1,1,1788590.0,2016-01-26,2025-06-27,3,residential_growth,moderate_activity,100.0,79.4,active_construction
CFS-PARCEL-0149813736,56208883110000,5,1,1,2,0,1,1,1650000.0,2017-04-24,2025-11-14,2,redevelopment_signal,major_growth,100.0,66.0,completed_historical
CFS-PARCEL-0149807174,56211919290000,5,2,1,0,2,1,1,1589192.0,2017-08-15,2024-10-22,3,residential_growth,major_growth,100.0,74.0,active_construction
CFS-PARCEL-0149758945,55196068140000,5,1,1,1,0,1,1,1396147.0,2022-02-25,2024-06-05,3,residential_growth,major_growth,100.0,59.8,active_construction
CFS-PARCEL-0149756871,55079129130000,5,1,2,2,0,1,1,981598.0,2016-03-30,2024-11-06,3,commercial_activity,moderate_activity,100.0,74.0,completed_historical
CFS-PARCEL-0149807353,56212645600000,5,0,4,0,1,1,1,968000.0,2021-08-19,2025-05-02,4,commercial_activity,moderate_activity,100.0,73.2,completed_historical
CFS-PARCEL-0149807354,56212645600000,5,0,4,0,1,1,1,968000.0,2021-08-19,2025-05-02,4,commercial_activity,moderate_activity,100.0,73.2,completed_historical
CFS-PARCEL-0149735077,46729496990000,5,1,1,2,0,1,1,827500.0,2015-08-18,2024-09-23,4,redevelopment_signal,redevelopment_signal,100.0,68.4,active_construction
CFS-PARCEL-0149747964,55073524560000,5,1,1,1,0,2,1,648323.0,2010-06-15,2024-06-20,4,commercial_activity,major_growth,100.0,60.2,active_construction
CFS-PARCEL-0149806573,56209844170000,5,2,2,0,1,2,0,547778.0,2010-02-17,2024-09-16,2,commercial_activity,major_growth,100.0,82.0,active_construction
CFS-PARCEL-0149812216,56227676490000,5,1,3,1,0,1,0,256832.0,2003-11-01,2024-11-27,3,commercial_activity,major_growth,100.0,76.2,active_construction
CFS-PARCEL-0149808700,56213479710000,5,2,2,0,1,1,0,121000.0,2004-10-01,2023-02-08,4,commercial_activity,major_growth,100.0,75.2,active_construction
CFS-PARCEL-0149805652,56208767880000,4,1,0,3,0,1,1,16086500.0,2014-07-31,2023-04-28,3,redevelopment_signal,redevelopment_signal,100.0,77.25,completed_historical
CFS-PARCEL-0149782505,55442997800000,4,1,1,1,1,1,1,5256134.0,2021-12-14,2025-12-01,3,residential_growth,redevelopment_signal,100.0,77.75,active_construction
CFS-PARCEL-0149784582,56018411690000,4,0,3,1,0,3,2,3443972.82,2021-02-06,2024-11-26,4,commercial_activity,major_growth,100.0,88.25,active_construction
CFS-PARCEL-0149751411,55092178890000,4,2,1,1,0,3,1,2099347.0,2025-11-07,2025-12-10,1,residential_growth,major_growth,100.0,92.25,active_construction
CFS-PARCEL-0149789019,56102354440000,4,3,0,0,1,2,1,1655000.0,2023-09-28,2025-02-12,3,residential_growth,major_growth,100.0,79.5,completed_historical
CFS-PARCEL-0149738941,46813542980000,4,2,0,0,2,2,1,1654274.0,2023-03-20,2023-10-30,1,demolition,redevelopment_signal,100.0,83.5,active_construction
CFS-PARCEL-0149759628,55248825600000,4,2,0,2,0,2,2,1482470.0,2022-01-12,2024-06-20,3,residential_growth,major_growth,100.0,86.5,active_construction
CFS-PARCEL-0149767659,55343318310000,4,3,0,1,0,3,1,1132890.58,2022-03-02,2025-01-08,2,residential_growth,major_growth,100.0,82.25,completed_historical
CFS-PARCEL-0149808025,56211940950000,4,1,2,0,1,1,1,669595.0,2016-02-05,2024-09-12,2,commercial_activity,moderate_activity,100.0,78.5,active_construction
CFS-PARCEL-0149802396,56201325610000,4,1,1,2,0,2,1,655529.0,2013-10-25,2025-09-22,3,redevelopment_signal,major_growth,100.0,81.5,completed_historical
CFS-PARCEL-0149800803,56138555620000,4,0,1,1,1,1,1,615000.0,2020-05-29,2024-08-14,3,commercial_activity,redevelopment_signal,100.0,62.25,active_construction
CFS-PARCEL-0149800804,56138555620000,4,0,1,1,1,1,1,615000.0,2020-05-29,2024-08-14,3,commercial_activity,redevelopment_signal,100.0,62.25,active_construction
CFS-PARCEL-0149759993,55252159210000,4,2,0,0,1,1,1,566500.0,2015-07-08,2018-03-28,3,residential_growth,major_growth,100.0,69.0,no_recent_activity
CFS-PARCEL-0149761823,55271205960000,4,3,0,0,1,1,0,500000.0,2022-02-03,2023-05-25,2,residential_growth,moderate_activity,100.0,78.5,active_construction
CFS-PARCEL-0149747061,55072249870000,4,2,1,1,0,1,0,373300.0,2014-06-19,2024-09-06,3,residential_growth,major_growth,100.0,81.25,active_construction
CFS-PARCEL-0149811913,56227730690000,4,0,1,1,0,1,0,306000.0,2019-01-17,2024-09-19,3,commercial_activity,major_growth,100.0,53.25,active_construction
CFS-PARCEL-0149805232,56207613370000,4,2,0,0,2,2,0,244000.0,2022-07-27,2023-05-17,2,residential_growth,major_growth,100.0,78.5,active_construction
CFS-PARCEL-0149806812,56209706190000,4,0,2,1,0,1,0,210454.0,2020-10-09,2025-12-19,2,commercial_activity,major_growth,100.0,66.75,active_construction
CFS-PARCEL-0149747847,55074690990000,4,2,1,1,0,1,0,151395.0,2008-03-01,2022-05-05,4,residential_growth,major_growth,100.0,74.25,active_construction
CFS-PARCEL-0149803475,56200325970000,3,2,0,0,1,1,1,3205580.0,2024-07-08,2024-09-23,1,residential_growth,major_growth,100.0,80.67,completed_historical
CFS-PARCEL-0149810744,56221281600000,3,0,2,1,0,1,1,1589050.0,2016-01-20,2023-02-10,3,commercial_activity,major_growth,100.0,81.67,active_construction
CFS-PARCEL-0149740659,46905050940000,3,0,2,1,0,1,1,1024000.0,2024-07-12,2025-02-11,2,commercial_activity,major_growth,100.0,81.0,completed_historical
CFS-PARCEL-0149750667,46910305290000,3,2,0,1,0,2,1,952000.0,2024-03-04,2024-10-14,1,residential_growth,major_growth,100.0,86.33,completed_historical
CFS-PARCEL-0149780446,55386174910000,3,1,0,0,1,1,1,915162.0,2020-08-03,2025-03-04,3,residential_growth,major_growth,100.0,60.67,completed_historical
CFS-PARCEL-0149812369,56230153360000,3,0,2,1,0,1,1,625471.0,2024-05-30,2025-09-24,2,commercial_activity,major_growth,100.0,78.33,completed_historical
CFS-PARCEL-0149787169,56036881110000,3,0,2,0,1,1,1,585713.0,2023-10-09,2025-06-04,3,commercial_activity,major_growth,100.0,80.0,recently_issued
CFS-PARCEL-0149774733,55469174100000,3,1,1,1,0,1,1,553000.0,2021-03-23,2022-06-22,2,residential_growth,major_growth,100.0,77.67,no_recent_activity
CFS-PARCEL-0149825131,56302349940000,3,2,0,0,1,1,1,539140.0,2024-07-15,2025-11-04,2,residential_growth,major_growth,100.0,79.33,active_construction
CFS-PARCEL-0149823596,56420137740000,3,2,0,1,0,1,0,501000.0,2014-08-05,2025-03-06,3,residential_growth,major_growth,100.0,82.33,active_construction
CFS-PARCEL-0149803217,56203156110000,3,2,0,0,1,2,0,493300.0,2022-01-25,2022-07-28,1,residential_growth,major_growth,100.0,82.67,active_construction
CFS-PARCEL-0149763988,55284495350000,3,2,0,0,1,2,0,440000.0,2006-12-01,2025-04-03,2,residential_growth,major_growth,100.0,84.67,active_construction
CFS-PARCEL-0149726754,45899365650000,3,0,2,1,0,2,0,420000.0,2015-02-25,2024-08-21,3,commercial_activity,major_growth,100.0,85.0,active_construction
CFS-PARCEL-0149762128,55271310740000,3,1,0,0,2,1,0,418338.0,2024-12-30,2025-04-28,2,demolition,redevelopment_signal,100.0,76.0,active_construction
CFS-PARCEL-0149807578,56209851640000,3,0,2,0,1,1,0,394351.0,2022-09-19,2023-07-06,2,commercial_activity,major_growth,100.0,80.0,active_construction
CFS-PARCEL-0149813947,56234686470000,3,2,0,1,0,2,0,371809.49,2022-10-26,2025-08-11,3,residential_growth,major_growth,100.0,89.0,active_construction
CFS-PARCEL-0149826921,56329464660000,3,2,0,0,1,1,0,347500.0,2024-02-20,2024-03-26,1,residential_growth,major_growth,100.0,79.33,active_construction
CFS-PARCEL-0149813025,56230708520000,3,2,0,0,1,2,0,310000.0,2022-12-08,2023-12-13,2,residential_growth,major_growth,100.0,88.0,active_construction
CFS-PARCEL-0149791152,56115055240000,3,1,1,0,1,1,0,305669.0,2020-06-29,2022-04-29,3,residential_growth,major_growth,100.0,72.0,active_construction
CFS-PARCEL-0149806296,56208308780000,3,2,0,0,1,2,0,305000.0,2025-04-10,2025-09-17,1,residential_growth,major_growth,100.0,86.67,active_construction
CFS-PARCEL-0149806305,56208308780000,3,2,0,0,1,2,0,305000.0,2025-04-10,2025-09-17,1,residential_growth,major_growth,100.0,86.67,active_construction
CFS-PARCEL-0149793900,56119949360000,3,2,0,0,1,2,0,275000.0,2012-06-14,2025-08-25,2,residential_growth,major_growth,100.0,84.67,active_construction
CFS-PARCEL-0149804278,56206526550000,3,2,0,0,1,2,0,260000.0,2013-03-05,2022-04-22,2,residential_growth,major_growth,100.0,84.67,active_construction
CFS-PARCEL-0149816359,56216182150000,3,0,1,2,0,1,0,239000.0,2025-03-27,2025-10-17,1,redevelopment_signal,redevelopment_signal,100.0,78.0,active_construction
CFS-PARCEL-0149744122,55060557180000,3,1,0,2,0,1,0,221350.0,2022-09-26,2024-02-22,2,redevelopment_signal,redevelopment_signal,100.0,78.67,active_construction
CFS-PARCEL-0149818416,56302943640000,3,1,1,0,1,1,0,210000.0,2010-02-26,2023-05-18,3,commercial_activity,major_growth,100.0,83.33,active_construction
CFS-PARCEL-0149742625,46935163240000,3,2,0,0,1,1,0,160000.0,2021-09-24,2022-04-26,2,residential_growth,major_growth,100.0,76.0,active_construction
CFS-PARCEL-0149816259,56249164590000,3,1,0,0,1,1,0,156900.0,2014-08-21,2022-01-21,3,residential_growth,major_growth,100.0,58.67,active_construction
CFS-PARCEL-0149768698,55381884250000,2,1,0,0,1,1,1,2802000.0,2024-10-24,2025-12-23,2,residential_growth,major_growth,100.0,80.0,active_construction
CFS-PARCEL-0149826370,56701363570000,2,1,0,0,1,1,1,1570000.0,2024-02-29,2025-10-02,2,residential_growth,major_growth,100.0,86.0,active_construction
CFS-PARCEL-0149740821,46834643420000,2,1,0,0,1,1,1,1513000.0,2023-12-06,2025-06-30,2,residential_growth,major_growth,100.0,82.0,active_construction
CFS-PARCEL-0149795035,56124376620000,2,1,0,0,1,1,1,1065420.0,2024-01-12,2024-02-26,1,residential_growth,major_growth,100.0,80.0,completed_historical
CFS-PARCEL-0149739502,46821765900000,2,1,0,0,1,1,1,854000.0,2024-07-10,2025-08-20,2,residential_growth,major_growth,100.0,86.0,active_construction
CFS-PARCEL-0149780521,55771088030000,2,1,0,1,0,1,1,616600.0,2024-12-27,2025-11-24,2,residential_growth,major_growth,100.0,83.5,completed_historical
CFS-PARCEL-0149783156,55450731330000,2,1,0,0,1,1,1,599711.0,2025-04-02,2025-06-13,1,residential_growth,major_growth,100.0,84.0,completed_historical
CFS-PARCEL-0149779165,55674236400000,2,1,0,0,1,1,1,518000.0,2024-03-01,2024-05-21,1,residential_growth,major_growth,100.0,84.0,active_construction
CFS-PARCEL-0149732318,46726724230000,2,1,0,0,1,1,0,389000.0,2022-12-22,2024-01-26,2,residential_growth,major_growth,100.0,86.0,active_construction
CFS-PARCEL-0149747542,55070235540000,2,1,0,0,1,1,0,374000.0,2019-10-23,2024-09-06,2,residential_growth,major_growth,100.0,77.0,active_construction
CFS-PARCEL-0149794583,56125381430000,2,1,0,0,1,1,0,338302.0,2021-09-14,2023-03-13,2,residential_growth,major_growth,100.0,77.0,active_construction
CFS-PARCEL-0149805594,56208510700000,2,1,0,0,1,1,0,300700.0,2024-12-06,2025-08-20,2,residential_growth,major_growth,100.0,82.0,active_construction
CFS-PARCEL-0149814446,56234335020000,2,1,0,0,1,1,0,275600.0,2023-03-27,2025-02-04,2,residential_growth,major_growth,100.0,84.0,active_construction
CFS-PARCEL-0149731753,46723593010000,2,1,0,1,0,1,0,269119.0,2022-05-25,2024-04-19,2,residential_growth,major_growth,100.0,87.5,active_construction
CFS-PARCEL-0149794294,56123587480000,2,1,0,0,1,1,0,226955.0,2021-08-05,2022-10-12,2,residential_growth,major_growth,100.0,77.0,active_construction
CFS-PARCEL-0149753996,55164505760000,2,1,0,1,0,1,0,221468.0,2022-12-08,2024-09-12,2,residential_growth,major_growth,100.0,87.5,active_construction
CFS-PARCEL-0149784399,56013064450000,2,1,0,0,1,1,0,205300.0,2025-05-29,2025-09-06,1,residential_growth,major_growth,100.0,80.0,active_construction
CFS-PARCEL-0149758914,55195310410000,2,1,0,1,0,1,0,203128.0,2022-06-24,2025-10-30,2,residential_growth,major_growth,100.0,83.5,active_construction
CFS-PARCEL-0149784328,56014063540000,2,1,0,0,1,1,0,185000.0,2025-08-27,2025-09-06,1,residential_growth,major_growth,100.0,80.0,active_construction
CFS-PARCEL-0149812560,56230706230000,2,1,0,1,0,1,0,179500.0,2022-11-23,2023-12-18,2,residential_growth,major_growth,100.0,87.5,active_construction
CFS-PARCEL-0149742584,46932651010000,2,0,1,1,0,1,0,176000.0,2023-07-13,2023-10-17,1,commercial_activity,major_growth,100.0,91.5,active_construction
CFS-PARCEL-0149800832,56138703740000,2,1,0,0,1,1,0,162000.0,2023-02-08,2023-07-06,1,residential_growth,major_growth,100.0,84.0,active_construction
CFS-PARCEL-0149795957,56129041970000,2,1,0,0,1,1,0,160000.0,2025-12-09,2025-12-11,1,residential_growth,major_growth,100.0,80.0,active_construction
CFS-PARCEL-0149733165,46724371890000,2,1,0,1,0,1,0,160000.0,2021-02-23,2022-03-02,2,residential_growth,major_growth,100.0,80.5,active_construction
CFS-PARCEL-0149806253,56209341140000,2,1,0,0,1,1,0,158848.0,2025-03-04,2025-09-26,1,residential_growth,major_growth,100.0,80.0,active_construction
CFS-PARCEL-0149801001,56117489130000,2,1,0,0,1,1,0,150000.0,2025-08-05,2025-11-03,1,residential_growth,major_growth,100.0,80.0,active_construction
CFS-PARCEL-0149806449,56209234240000,2,1,0,0,1,1,0,146000.0,2024-04-16,2024-04-24,1,residential_growth,major_growth,100.0,82.0,active_construction
CFS-PARCEL-0149785372,56019918180000,2,1,0,1,0,1,0,145088.0,2022-09-07,2024-08-01,2,residential_growth,major_growth,100.0,87.5,active_construction
CFS-PARCEL-0149806145,56207299380000,2,1,0,0,1,1,0,145000.0,2025-08-14,2025-10-09,1,residential_growth,major_growth,100.0,80.0,active_construction
CFS-PARCEL-0149806146,56207299380000,2,1,0,0,1,1,0,145000.0,2025-08-14,2025-10-09,1,residential_growth,major_growth,100.0,80.0,active_construction
CFS-PARCEL-0149784177,56013391770000,2,1,0,0,1,1,0,145000.0,2023-09-26,2023-10-24,1,residential_growth,major_growth,100.0,82.0,active_construction
CFS-PARCEL-0149807536,56212192550000,2,1,0,0,1,1,0,138000.0,2022-04-19,2022-05-02,1,residential_growth,major_growth,100.0,82.0,active_construction
CFS-PARCEL-0149821323,56231509180000,2,1,0,0,1,1,0,137500.0,2024-02-09,2024-04-11,1,residential_growth,major_growth,100.0,82.0,active_construction
CFS-PARCEL-0149812409,56230599380000,2,1,0,0,1,1,0,137500.0,2024-02-09,2024-04-10,1,residential_growth,major_growth,100.0,82.0,active_construction
CFS-PARCEL-0149812410,56230599380000,2,1,0,0,1,1,0,137500.0,2024-02-09,2024-04-10,1,residential_growth,major_growth,100.0,82.0,active_construction
CFS-PARCEL-0149796885,56100775620000,2,1,0,0,1,1,0,130000.0,2023-10-31,2023-12-01,1,residential_growth,major_growth,100.0,84.0,active_construction
CFS-PARCEL-0149776418,55542112600000,2,1,0,0,1,1,0,128500.0,2017-02-09,2025-09-23,2,residential_growth,major_growth,100.0,77.0,active_construction
CFS-PARCEL-0149811335,56222504770000,2,1,0,0,1,1,0,128030.0,2022-04-25,2022-06-02,1,residential_growth,major_growth,100.0,82.0,active_construction
CFS-PARCEL-0149797049,56130661000000,2,1,0,0,1,1,0,118600.0,2019-04-01,2022-06-28,2,residential_growth,major_growth,100.0,84.0,active_construction
CFS-PARCEL-0149793033,56013322330000,2,1,0,0,1,1,0,110700.0,2024-02-08,2024-02-28,1,residential_growth,major_growth,100.0,77.0,active_construction
CFS-PARCEL-0149793034,56013322330000,2,1,0,0,1,1,0,110700.0,2024-02-08,2024-02-28,1,residential_growth,major_growth,100.0,77.0,active_construction
CFS-PARCEL-0149801545,56140078940000,2,1,0,0,1,1,0,106500.0,2024-08-07,2024-08-07,1,residential_growth,major_growth,100.0,84.0,active_construction
CFS-PARCEL-0149807779,56210093540000,2,1,0,0,1,1,0,104000.0,2023-04-04,2023-05-22,1,residential_growth,major_growth,100.0,82.0,active_construction
CFS-PARCEL-0149757477,55184940720000,2,1,0,0,1,1,0,100000.0,2024-06-25,2024-08-13,1,residential_growth,major_growth,100.0,82.0,active_construction
CFS-PARCEL-0149749255,55078850340000,15,3,7,2,1,3,0,770104.0,2006-03-01,2024-05-06,9,commercial_activity,moderate_activity,98.0,67.73,completed_historical
CFS-PARCEL-0149734102,46803214760000,14,6,1,3,0,2,1,1117278.0,2008-05-01,2025-04-10,8,residential_growth,major_growth,98.0,59.36,completed_historical
CFS-PARCEL-0149781856,56001813430000,8,2,1,1,0,2,0,380300.0,2003-07-01,2024-04-04,4,administrative_or_unknown,major_growth,98.0,48.88,completed_historical
CFS-PARCEL-0149791601,56111332890000,5,3,0,2,0,3,0,602000.0,2016-05-23,2023-08-30,3,residential_growth,major_growth,98.0,80.0,active_construction
CFS-PARCEL-0149806266,56207805040000,3,1,0,2,0,1,0,183800.0,2025-07-31,2025-09-26,1,redevelopment_signal,redevelopment_signal,98.0,81.33,active_construction
CFS-PARCEL-0149781936,56001426200000,2,1,0,1,0,1,0,323500.0,2009-01-01,2022-07-05,2,residential_growth,major_growth,98.0,79.5,active_construction
CFS-PARCEL-0149808876,56216631530000,2,1,0,1,0,1,0,153462.0,2024-06-05,2025-09-04,2,residential_growth,major_growth,98.0,90.5,active_construction
CFS-PARCEL-0149747272,55072603900000,2,1,0,1,0,1,0,130500.0,2019-07-15,2023-11-21,2,residential_growth,major_growth,98.0,79.5,active_construction
CFS-PARCEL-0149807772,56212578440000,1,0,0,0,1,1,1,515000.0,2024-05-31,2024-05-31,1,demolition,redevelopment_signal,98.0,98.0,recently_issued
CFS-PARCEL-0149736835,46705588120000,55,15,22,8,1,12,2,3754318.1,2009-08-01,2025-01-16,14,commercial_activity,major_growth,96.0,61.35,completed_historical
CFS-PARCEL-0149773228,55435780680000,45,19,8,1,8,18,11,20566707.72,2010-06-15,2021-10-14,11,residential_growth,major_growth,96.0,65.71,no_recent_activity
CFS-PARCEL-0149749102,55078596960000,40,9,11,5,1,14,5,9904118.81,2017-02-22,2025-12-12,8,commercial_activity,major_growth,96.0,57.33,active_construction
CFS-PARCEL-0149783785,56010286760000,30,5,16,4,0,9,2,2553350.0,2017-08-16,2024-05-14,4,commercial_activity,moderate_activity,96.0,63.6,active_construction
CFS-PARCEL-0149736197,46810179110000,29,13,8,2,2,5,1,2415548.0,2007-08-01,2025-11-21,15,residential_growth,major_growth,96.0,63.66,recently_issued
CFS-PARCEL-0149726376,45894448210000,29,12,1,8,0,2,1,1178560.0,2007-01-01,2024-01-18,13,residential_growth,major_growth,96.0,53.1,recently_issued
CFS-PARCEL-0149726377,45894448210000,29,12,1,8,0,2,1,1178560.0,2007-01-01,2024-01-18,13,residential_growth,major_growth,96.0,53.1,recently_issued
CFS-PARCEL-0149813206,56232416450000,29,25,0,0,4,5,0,715700.0,2018-07-25,2022-06-27,3,residential_growth,major_growth,96.0,72.62,no_recent_activity
CFS-PARCEL-0149791512,56114740970000,28,2,1,1,0,1,1,2212000.0,2003-05-01,2018-10-04,2,administrative_or_unknown,unknown,96.0,17.32,no_recent_activity
CFS-PARCEL-0149750051,46906762670000,27,22,0,1,1,14,13,23468616.0,2016-02-22,2025-01-27,3,residential_growth,major_growth,96.0,77.59,completed_historical
CFS-PARCEL-0149748819,55077567190000,26,8,10,2,3,7,2,4445486.0,2007-05-01,2019-11-05,9,commercial_activity,major_growth,96.0,65.46,no_recent_activity
CFS-PARCEL-0149742043,46919019270000,24,23,0,1,0,10,10,9960337.0,2012-12-03,2016-08-15,4,residential_growth,major_growth,96.0,81.04,no_recent_activity
CFS-PARCEL-0149726720,45896543610000,24,10,9,1,2,2,1,1221736.0,2006-09-01,2025-06-19,13,residential_growth,major_growth,96.0,65.13,active_construction
CFS-PARCEL-0149726721,45896543610000,24,10,9,1,2,2,1,1221736.0,2006-09-01,2025-06-19,13,residential_growth,major_growth,96.0,65.13,active_construction
CFS-PARCEL-0149785588,56023939950000,23,17,1,2,0,15,11,15505546.0,2014-06-12,2024-09-18,6,residential_growth,major_growth,96.0,77.65,active_construction
CFS-PARCEL-0149735340,45893509410000,23,3,10,1,1,11,1,7425700.0,2016-07-19,2025-11-26,5,commercial_activity,major_growth,96.0,55.78,completed_historical
CFS-PARCEL-0149799983,56136905890000,22,4,8,7,2,4,1,39915776.0,2018-09-06,2025-03-13,7,commercial_activity,redevelopment_signal,96.0,68.95,active_construction
CFS-PARCEL-0149782253,56005303600000,21,5,7,6,0,7,3,6005656.5,2015-01-30,2025-01-08,6,commercial_activity,major_growth,96.0,66.29,completed_historical
CFS-PARCEL-0149782254,56005303600000,21,5,7,6,0,7,3,6005656.5,2015-01-30,2025-01-08,6,commercial_activity,major_growth,96.0,66.29,completed_historical
CFS-PARCEL-0149782270,56005303600000,21,5,7,6,0,7,3,6005656.5,2015-01-30,2025-01-08,6,commercial_activity,major_growth,96.0,66.29,completed_historical
CFS-PARCEL-0149725985,45893530650000,18,5,7,1,1,7,1,1798379.0,2019-03-18,2025-12-19,5,commercial_activity,major_growth,96.0,64.06,completed_historical
CFS-PARCEL-0149793095,56015145010000,16,6,3,1,3,7,4,9002313.0,2008-12-01,2025-10-30,8,residential_growth,major_growth,96.0,66.56,completed_historical
CFS-PARCEL-0149793096,56015145010000,16,6,3,1,3,7,4,9002313.0,2008-12-01,2025-10-30,8,residential_growth,major_growth,96.0,66.56,completed_historical
CFS-PARCEL-0149784257,56016443100000,14,9,1,1,1,3,2,7353000.0,2007-07-01,2018-08-02,7,residential_growth,major_growth,96.0,67.64,no_recent_activity
CFS-PARCEL-0149807898,56210691920000,14,2,0,4,0,2,1,978800.0,2013-12-16,2023-01-24,10,administrative_or_unknown,unknown,96.0,40.57,recently_issued
CFS-PARCEL-0149736211,46809802820000,13,1,6,4,0,2,1,2132190.0,2015-01-05,2019-04-18,5,commercial_activity,moderate_activity,96.0,60.92,no_recent_activity
CFS-PARCEL-0149737057,46811572640000,13,6,4,1,0,3,1,1488426.0,2009-07-01,2024-09-23,10,residential_growth,major_growth,96.0,67.0,completed_historical
CFS-PARCEL-0149811532,56223087780000,13,3,6,1,0,2,1,939218.0,2003-06-01,2024-01-26,6,commercial_activity,major_growth,96.0,57.31,recently_issued
CFS-PARCEL-0149811540,56223087780000,13,3,6,1,0,2,1,939218.0,2003-06-01,2024-01-26,6,commercial_activity,major_growth,96.0,57.31,recently_issued
CFS-PARCEL-0149811541,56223087780000,13,3,6,1,0,2,1,939218.0,2003-06-01,2024-01-26,6,commercial_activity,major_growth,96.0,57.31,recently_issued
CFS-PARCEL-0149811542,56223087780000,13,3,6,1,0,2,1,939218.0,2003-06-01,2024-01-26,6,commercial_activity,major_growth,96.0,57.31,recently_issued
CFS-PARCEL-0149741092,46907973010000,12,3,4,2,1,6,1,10267330.0,2014-05-02,2024-02-08,7,commercial_activity,major_growth,96.0,66.67,completed_historical
CFS-PARCEL-0149784354,56015640740000,12,3,6,1,0,4,1,2389354.0,2014-11-21,2023-09-19,6,commercial_activity,major_growth,96.0,67.58,recently_issued
CFS-PARCEL-0149807133,56211853700000,12,6,1,0,5,3,3,2172985.0,2014-01-13,2016-04-14,2,residential_growth,major_growth,96.0,68.67,no_recent_activity
CFS-PARCEL-0149813847,56209703770000,11,2,5,1,1,3,2,17957322.0,2018-01-02,2025-03-11,6,commercial_activity,moderate_activity,96.0,64.64,active_construction
CFS-PARCEL-0149813848,56209703770000,11,2,5,1,1,3,2,17957322.0,2018-01-02,2025-03-11,6,commercial_activity,moderate_activity,96.0,64.64,active_construction
CFS-PARCEL-0149783059,56008278680000,11,5,1,1,0,2,1,1600280.0,2007-01-01,2024-07-02,9,residential_growth,major_growth,96.0,56.45,completed_historical
CFS-PARCEL-0149791320,56108217340000,11,2,3,2,0,3,1,1252047.0,2016-04-07,2025-05-22,2,commercial_activity,major_growth,96.0,53.27,completed_historical
CFS-PARCEL-0149811553,56223393280000,11,8,1,2,0,1,1,1205419.0,2008-01-01,2025-07-11,6,residential_growth,major_growth,96.0,72.18,active_construction
CFS-PARCEL-0149784288,56014424370000,10,2,3,1,0,7,5,22538020.0,2016-02-26,2025-04-30,5,commercial_activity,major_growth,96.0,64.5,completed_historical
CFS-PARCEL-0149793136,56015331620000,10,6,2,1,0,3,1,10173000.0,2010-11-29,2025-08-15,7,residential_growth,major_growth,96.0,70.9,completed_historical
CFS-PARCEL-0149744623,46808661890000,10,3,5,1,0,4,2,5432000.0,2015-12-02,2024-08-28,6,commercial_activity,major_growth,96.0,73.1,recently_issued
CFS-PARCEL-0149784209,56011782070000,10,4,4,0,2,1,1,4801850.0,2017-01-20,2019-11-26,3,residential_growth,major_growth,96.0,65.6,no_recent_activity
CFS-PARCEL-0149784210,56011782070000,10,4,4,0,2,1,1,4801850.0,2017-01-20,2019-11-26,3,residential_growth,major_growth,96.0,65.6,no_recent_activity
CFS-PARCEL-0149784266,56011782070000,10,4,4,0,2,1,1,4801850.0,2017-01-20,2019-11-26,3,residential_growth,major_growth,96.0,65.6,no_recent_activity
CFS-PARCEL-0149824677,56609504400000,10,5,1,0,1,5,4,3498495.0,2015-09-25,2016-09-26,2,residential_growth,major_growth,96.0,65.2,no_recent_activity
CFS-PARCEL-0149746526,55063286730000,10,3,5,2,0,5,1,1782264.0,2012-10-08,2018-01-23,5,commercial_activity,major_growth,96.0,77.4,no_recent_activity
CFS-PARCEL-0149812046,56225739990000,10,3,4,2,1,2,2,1430984.0,2015-05-12,2016-08-22,2,commercial_activity,moderate_activity,96.0,70.6,no_recent_activity
CFS-PARCEL-0149799725,56135999030000,9,2,1,2,3,3,2,35394733.0,2010-08-17,2019-08-08,5,demolition,redevelopment_signal,96.0,65.78,no_recent_activity
CFS-PARCEL-0149727550,45992845100000,9,3,3,0,1,1,1,12502505.0,2008-06-01,2021-07-23,7,residential_growth,major_growth,96.0,56.67,no_recent_activity
CFS-PARCEL-0149784359,56016087740000,9,1,4,1,1,4,1,6469825.0,2012-07-09,2020-12-21,6,commercial_activity,major_growth,96.0,68.78,no_recent_activity
CFS-PARCEL-0149726553,45897489230000,9,3,3,1,0,2,1,2524444.0,2010-03-19,2021-04-15,7,commercial_activity,major_growth,96.0,59.67,no_recent_activity
CFS-PARCEL-0149808497,56213801090001,9,2,4,3,0,5,2,2244569.0,2004-10-01,2025-09-23,7,commercial_activity,major_growth,96.0,79.44,completed_historical
CFS-PARCEL-0149726515,45894603780000,9,2,4,1,0,4,1,1611673.0,2017-09-07,2019-03-12,3,commercial_activity,major_growth,96.0,62.56,no_recent_activity
CFS-PARCEL-0149796683,56129861640000,8,1,2,1,1,1,1,17922897.0,2016-04-01,2020-04-24,4,administrative_or_unknown,unknown,96.0,49.38,no_recent_activity
CFS-PARCEL-0149735977,46808022840000,8,1,3,1,0,4,3,7806602.0,2015-09-14,2017-08-15,3,commercial_activity,major_growth,96.0,57.38,no_recent_activity
CFS-PARCEL-0149740689,46903539550000,8,2,2,1,0,2,1,6070295.0,2013-02-22,2024-03-07,5,commercial_activity,major_growth,96.0,54.38,completed_historical
CFS-PARCEL-0149764154,55280312750000,8,1,4,1,0,4,2,4421928.0,2020-04-14,2023-05-09,3,commercial_activity,major_growth,96.0,70.63,active_construction
CFS-PARCEL-0149726304,45893692210000,8,1,2,3,0,2,1,2522206.0,2017-02-22,2025-12-09,4,redevelopment_signal,redevelopment_signal,96.0,62.88,active_construction
CFS-PARCEL-0149758954,55194568360000,8,4,2,1,0,2,1,1172427.02,2014-05-22,2024-12-19,7,residential_growth,major_growth,96.0,67.88,completed_historical
CFS-PARCEL-0149735818,46807317370000,7,2,2,1,0,4,3,10825155.0,2018-01-11,2021-04-14,4,commercial_activity,major_growth,96.0,67.29,no_recent_activity
CFS-PARCEL-0149784353,56015234600000,7,1,3,1,0,4,3,4772357.0,2016-02-10,2022-03-17,5,commercial_activity,major_growth,96.0,64.14,no_recent_activity
CFS-PARCEL-0149812981,56230282150000,7,0,3,2,1,2,2,2312446.0,2013-08-09,2018-10-16,4,commercial_activity,redevelopment_signal,96.0,65.71,no_recent_activity
CFS-PARCEL-0149740191,46827576930000,7,3,0,1,0,1,1,2173939.0,2003-10-01,2019-12-16,6,residential_growth,minor_activity,96.0,54.14,no_recent_activity
CFS-PARCEL-0149740192,46827576930000,7,3,0,1,0,1,1,2173939.0,2003-10-01,2019-12-16,6,residential_growth,minor_activity,96.0,54.14,no_recent_activity
CFS-PARCEL-0149782638,56004749300000,7,2,4,1,0,4,2,1929069.0,2021-06-02,2022-07-27,2,commercial_activity,major_growth,96.0,78.14,no_recent_activity
CFS-PARCEL-0149812558,56230652710000,7,1,2,0,4,1,1,1866666.0,2016-01-28,2016-09-21,1,demolition,redevelopment_signal,96.0,63.43,no_recent_activity
CFS-PARCEL-0149812559,56230652710000,7,1,2,0,4,1,1,1866666.0,2016-01-28,2016-09-21,1,demolition,redevelopment_signal,96.0,63.43,no_recent_activity
CFS-PARCEL-0149806989,56209596370000,7,2,2,0,3,1,1,1744066.0,2009-08-17,2021-03-08,4,demolition,redevelopment_signal,96.0,67.43,no_recent_activity
CFS-PARCEL-0149728606,45994874180000,7,2,1,4,0,2,1,825000.0,2017-03-17,2024-04-16,2,redevelopment_signal,redevelopment_signal,96.0,71.43,completed_historical
CFS-PARCEL-0149793158,56017755970000,7,2,2,1,0,2,1,816100.0,2008-07-01,2022-02-21,4,commercial_activity,major_growth,96.0,58.43,no_recent_activity
CFS-PARCEL-0149811659,56224356290000,7,2,1,1,0,1,1,737600.0,2016-02-18,2025-02-26,6,administrative_or_unknown,unknown,96.0,47.57,completed_historical
CFS-PARCEL-0149823164,56300729030000,7,4,0,2,1,1,0,174000.0,2005-10-01,2023-11-22,5,residential_growth,major_growth,96.0,70.86,recently_issued
CFS-PARCEL-0149747063,55072349300000,6,2,0,1,0,1,1,6853000.0,2015-07-28,2023-10-17,4,residential_growth,major_growth,96.0,47.5,active_construction
CFS-PARCEL-0149763547,55280536450000,6,1,3,0,1,2,1,6490750.0,2016-06-23,2023-12-14,4,commercial_activity,major_growth,96.0,66.0,completed_historical
CFS-PARCEL-0149727734,45995888990000,6,4,0,1,0,1,1,1395830.0,2003-09-01,2018-06-27,3,residential_growth,major_growth,96.0,64.17,no_recent_activity
CFS-PARCEL-0149784078,56012038930000,6,1,3,1,0,2,1,1224621.0,2020-10-06,2024-06-25,3,commercial_activity,major_growth,96.0,64.83,active_construction
CFS-PARCEL-0149793066,56119378990000,6,0,4,1,0,2,0,725600.0,2019-05-17,2022-07-21,2,commercial_activity,moderate_activity,96.0,66.17,no_recent_activity
CFS-PARCEL-0149789586,56002778260000,6,1,3,1,0,1,1,705000.0,2013-01-30,2025-06-20,5,commercial_activity,major_growth,96.0,67.83,completed_historical
CFS-PARCEL-0149735705,46807062570000,5,4,0,1,0,3,2,4082347.0,2021-12-09,2022-09-26,2,residential_growth,major_growth,96.0,90.2,active_construction
CFS-PARCEL-0149806674,56209716130000,5,1,3,1,0,2,1,1990425.0,2015-02-05,2025-07-23,4,commercial_activity,major_growth,96.0,81.0,active_construction
CFS-PARCEL-0149752742,55094314560000,5,1,2,2,0,1,1,1430200.0,2018-06-05,2023-08-08,3,redevelopment_signal,redevelopment_signal,96.0,75.2,active_construction
CFS-PARCEL-0149826958,56702332070000,5,1,2,1,1,1,1,1409000.0,2017-05-31,2022-07-01,3,commercial_activity,redevelopment_signal,96.0,69.0,no_recent_activity
CFS-PARCEL-0149807773,56212691270000,5,2,1,0,1,1,1,1262940.0,2014-04-24,2017-09-15,3,residential_growth,major_growth,96.0,57.6,no_recent_activity
CFS-PARCEL-0149726261,45893564420000,5,1,2,1,0,1,1,1113864.21,2016-10-26,2023-05-03,4,commercial_activity,moderate_activity,96.0,62.2,active_construction
CFS-PARCEL-0149735573,45895775580000,5,1,2,2,0,1,1,845900.0,2020-10-06,2025-10-23,3,redevelopment_signal,redevelopment_signal,96.0,71.2,completed_historical
CFS-PARCEL-0149812947,56230248110000,5,1,1,0,2,1,1,602400.0,2020-12-14,2021-08-20,2,demolition,redevelopment_signal,96.0,54.8,no_recent_activity
CFS-PARCEL-0149814324,56211925600000,5,1,2,0,1,1,1,594300.0,2009-09-18,2016-05-04,3,commercial_activity,moderate_activity,96.0,56.4,no_recent_activity
CFS-PARCEL-0149757649,55181642570000,4,1,1,1,0,1,1,37441922.0,2020-07-16,2022-06-23,2,residential_growth,major_growth,96.0,64.75,active_construction
CFS-PARCEL-0149798416,56134458030000,4,1,0,0,1,1,1,5017600.0,2018-05-22,2018-10-22,1,residential_growth,major_growth,96.0,46.5,no_recent_activity
CFS-PARCEL-0149725908,45893535890000,4,1,1,2,0,2,1,2897200.0,2016-09-28,2023-01-30,4,redevelopment_signal,redevelopment_signal,96.0,77.0,recently_issued
CFS-PARCEL-0149784340,56016049540000,4,2,0,0,1,3,2,1900000.0,2015-09-15,2019-01-30,3,residential_growth,major_growth,96.0,82.5,no_recent_activity
CFS-PARCEL-0149820896,56333925670000,4,1,1,0,1,1,1,1398398.0,2016-07-11,2016-09-21,1,residential_growth,major_growth,96.0,55.0,no_recent_activity
CFS-PARCEL-0149748585,55076643400000,4,2,0,1,0,2,1,1213468.0,2021-03-11,2025-06-06,2,residential_growth,major_growth,96.0,71.75,completed_historical
CFS-PARCEL-0149782087,56003985140000,4,1,1,0,1,1,1,1073800.0,2016-09-12,2017-03-15,2,residential_growth,major_growth,96.0,55.0,no_recent_activity
CFS-PARCEL-0149734206,46728822160000,4,2,0,2,0,2,1,1047625.0,2018-05-17,2024-11-27,3,residential_growth,major_growth,96.0,81.5,active_construction
CFS-PARCEL-0149732530,46724053120000,4,1,2,0,1,1,1,992144.0,2021-09-01,2021-10-29,1,commercial_activity,moderate_activity,96.0,70.5,no_recent_activity
CFS-PARCEL-0149740568,46845146950000,4,2,0,2,0,1,1,705000.0,2017-09-29,2024-02-15,2,residential_growth,major_growth,96.0,74.0,recently_issued
CFS-PARCEL-0149761105,55164589710000,4,2,0,2,0,2,0,573000.0,2019-10-08,2024-08-13,2,residential_growth,major_growth,96.0,83.5,active_construction
CFS-PARCEL-0149808372,56211878550000,4,0,2,1,0,2,0,439239.0,2016-01-04,2022-07-07,3,commercial_activity,major_growth,96.0,62.75,no_recent_activity
CFS-PARCEL-0149726851,45895534670000,4,1,1,2,0,1,0,285500.0,2007-09-01,2023-03-01,4,redevelopment_signal,major_growth,96.0,71.5,recently_issued
CFS-PARCEL-0149772837,55397586790000,3,1,0,0,1,1,1,3301259.0,2020-05-21,2021-03-23,2,residential_growth,major_growth,96.0,52.67,no_recent_activity
CFS-PARCEL-0149807600,56209804620000,3,0,1,0,1,1,1,2015107.0,2014-08-06,2018-04-25,2,commercial_activity,major_growth,96.0,52.67,no_recent_activity
CFS-PARCEL-0149806799,56211778160000,3,2,0,0,1,1,1,1739800.0,2010-09-08,2023-09-19,3,residential_growth,major_growth,96.0,79.33,active_construction
CFS-PARCEL-0149807352,56212604300000,3,1,1,0,1,1,1,1149030.0,2021-03-24,2021-08-17,1,residential_growth,major_growth,96.0,70.67,no_recent_activity
CFS-PARCEL-0149806945,56210488490000,3,1,1,0,1,1,1,723455.0,2014-05-29,2025-10-15,2,residential_growth,major_growth,96.0,72.67,completed_historical
CFS-PARCEL-0149743240,46945264380000,3,2,0,0,1,1,1,690000.0,2020-04-08,2021-03-16,2,residential_growth,major_growth,96.0,72.67,no_recent_activity
CFS-PARCEL-0149743015,46934277180000,3,1,0,2,0,1,1,661144.0,2019-11-12,2023-10-19,2,redevelopment_signal,redevelopment_signal,96.0,84.67,active_construction
CFS-PARCEL-0149819185,56310320950000,3,1,1,0,1,1,0,394800.0,2006-12-01,2024-03-08,3,commercial_activity,major_growth,96.0,77.33,active_construction
CFS-PARCEL-0149765770,55295755620000,3,2,0,0,1,2,0,369500.0,2022-06-24,2022-09-20,1,residential_growth,major_growth,96.0,85.33,no_recent_activity
CFS-PARCEL-0149740582,46833760100000,3,2,0,0,1,2,0,369020.0,2017-10-16,2022-09-16,2,residential_growth,major_growth,96.0,78.67,no_recent_activity
CFS-PARCEL-0149816301,56241122120000,3,0,1,2,0,1,0,267000.0,2022-10-27,2024-03-22,2,redevelopment_signal,redevelopment_signal,96.0,84.0,active_construction
CFS-PARCEL-0149816302,56241122120000,3,0,1,2,0,1,0,267000.0,2022-10-27,2024-03-22,2,redevelopment_signal,redevelopment_signal,96.0,84.0,active_construction
CFS-PARCEL-0149739485,46815755010000,3,2,0,1,0,1,0,243060.0,2023-09-07,2024-11-22,2,residential_growth,major_growth,96.0,81.67,active_construction
CFS-PARCEL-0149807649,56210076860000,3,1,0,0,2,1,0,150000.0,2025-04-29,2025-12-11,1,demolition,redevelopment_signal,96.0,70.0,recently_issued
CFS-PARCEL-0149825439,56304051220000,3,1,1,1,0,1,0,138000.0,2023-11-17,2024-07-19,2,commercial_activity,major_growth,96.0,83.67,active_construction
CFS-PARCEL-0149808087,56212008910000,3,1,0,0,1,1,0,100000.0,2010-08-11,2023-03-20,2,residential_growth,major_growth,96.0,52.67,recently_issued
CFS-PARCEL-0149805109,56206534040000,3,1,0,0,2,1,0,100000.0,2010-07-07,2023-02-14,2,demolition,redevelopment_signal,96.0,68.0,recently_issued
CFS-PARCEL-0149815614,56240232950000,2,0,1,0,1,1,1,1038379.0,2015-10-13,2015-11-20,1,commercial_activity,major_growth,96.0,79.0,no_recent_activity
CFS-PARCEL-0149796937,56129223320000,2,1,0,0,1,1,1,1002500.0,2018-07-13,2019-02-22,2,residential_growth,major_growth,96.0,75.0,no_recent_activity
CFS-PARCEL-0149726932,45895553110000,2,1,0,0,1,1,1,961500.0,2012-07-17,2012-07-26,1,residential_growth,major_growth,96.0,83.0,no_recent_activity
CFS-PARCEL-0149726510,45891834630000,2,1,0,1,0,1,1,607151.0,2014-05-07,2022-07-12,2,residential_growth,major_growth,96.0,81.5,no_recent_activity
CFS-PARCEL-0149736374,46808222090000,2,0,1,0,1,1,1,601500.0,2015-10-01,2015-11-20,1,commercial_activity,major_growth,96.0,75.0,no_recent_activity
CFS-PARCEL-0149825819,56702201690000,2,1,0,0,1,1,1,581000.0,2019-04-05,2022-07-18,2,residential_growth,major_growth,96.0,78.0,no_recent_activity
CFS-PARCEL-0149758888,55193316550000,2,1,0,1,0,1,1,565000.0,2019-08-23,2019-10-04,1,residential_growth,major_growth,96.0,78.5,no_recent_activity
CFS-PARCEL-0149747770,55074620660000,2,1,0,1,0,1,1,505000.0,2017-05-04,2017-06-27,1,residential_growth,major_growth,96.0,78.5,no_recent_activity
CFS-PARCEL-0149810460,56221936070000,2,0,1,0,1,2,0,492962.0,2023-04-14,2023-04-19,1,commercial_activity,major_growth,96.0,92.0,recently_issued
CFS-PARCEL-0149755060,55171654560000,2,0,1,1,0,2,0,465000.0,2015-07-23,2023-04-20,2,commercial_activity,major_growth,96.0,87.5,recently_issued
CFS-PARCEL-0149826373,56701596890000,2,1,0,1,0,1,0,358954.48,2023-09-12,2024-07-16,2,residential_growth,major_growth,96.0,83.5,recently_issued
CFS-PARCEL-0149789896,56104958140000,2,1,0,1,0,1,0,284778.0,2022-05-20,2023-10-25,2,residential_growth,major_growth,96.0,85.5,active_construction
CFS-PARCEL-0149788979,56101915190000,2,1,0,0,1,1,0,279569.0,2022-04-22,2023-07-20,2,residential_growth,major_growth,96.0,75.0,recently_issued
CFS-PARCEL-0149799355,56135757040000,2,1,0,0,1,1,0,261000.0,2015-06-26,2023-03-01,2,residential_growth,major_growth,96.0,75.0,recently_issued
CFS-PARCEL-0149738806,46816803310000,2,1,0,1,0,1,0,238528.0,2022-06-06,2024-07-10,2,residential_growth,major_growth,96.0,85.5,active_construction
CFS-PARCEL-0149738570,46815767470000,2,1,0,1,0,1,0,228420.0,2023-09-07,2024-07-29,2,residential_growth,major_growth,96.0,85.5,active_construction
CFS-PARCEL-0149739523,46815850530000,2,1,0,1,0,1,0,228420.0,2023-11-06,2024-07-29,2,residential_growth,major_growth,96.0,85.5,active_construction
CFS-PARCEL-0149738301,46814758600000,2,1,0,1,0,1,0,228060.0,2023-12-08,2024-07-29,2,residential_growth,major_growth,96.0,85.5,active_construction
CFS-PARCEL-0149775029,55451864880000,2,1,0,0,1,1,0,210000.0,2021-02-17,2022-12-30,2,residential_growth,major_growth,96.0,79.0,no_recent_activity
CFS-PARCEL-0149727094,45897892120000,2,0,1,0,1,1,0,190000.0,2010-12-16,2022-04-07,2,commercial_activity,major_growth,96.0,75.0,no_recent_activity
CFS-PARCEL-0149738704,46815896520000,2,1,0,1,0,1,0,185850.0,2022-06-15,2023-10-03,2,residential_growth,major_growth,96.0,83.5,recently_issued
CFS-PARCEL-0149766175,55297501840000,2,1,0,1,0,1,0,177688.0,2023-03-24,2024-10-22,2,residential_growth,major_growth,96.0,85.5,active_construction
CFS-PARCEL-0149766644,55297532410000,2,1,0,1,0,1,0,172922.0,2023-07-25,2025-08-20,2,residential_growth,major_growth,96.0,81.5,recently_issued
CFS-PARCEL-0149758017,55192071530000,2,1,0,0,1,1,0,159000.0,2012-06-15,2025-12-30,2,residential_growth,major_growth,96.0,78.0,recently_issued
CFS-PARCEL-0149758722,55192072800000,2,1,0,0,1,1,0,159000.0,2012-06-15,2025-12-30,2,residential_growth,major_growth,96.0,78.0,recently_issued
CFS-PARCEL-0149813679,56208499270000,2,1,0,0,1,1,0,159000.0,2022-02-18,2022-07-08,1,residential_growth,major_growth,96.0,75.0,no_recent_activity
CFS-PARCEL-0149805637,56208572870000,2,1,0,0,1,1,0,153000.0,2022-03-28,2023-09-04,2,residential_growth,major_growth,96.0,80.0,recently_issued
CFS-PARCEL-0149734340,46724125280000,2,1,0,1,0,1,0,151430.0,2022-03-23,2023-10-11,2,residential_growth,major_growth,96.0,83.5,recently_issued
CFS-PARCEL-0149799096,56134813090000,2,1,0,0,1,1,0,133500.0,2015-06-10,2023-10-03,2,residential_growth,major_growth,96.0,75.0,recently_issued
CFS-PARCEL-0149800800,56137648850000,2,1,0,0,1,1,0,130000.0,2013-02-20,2023-04-10,2,residential_growth,major_growth,96.0,75.0,recently_issued
CFS-PARCEL-0149809592,56217340710000,2,1,0,0,1,1,0,130000.0,2022-04-25,2022-06-20,1,residential_growth,major_growth,96.0,80.0,no_recent_activity
CFS-PARCEL-0149803443,56203313750000,2,1,0,0,1,1,0,127000.0,2014-01-24,2023-03-13,2,residential_growth,major_growth,96.0,75.0,recently_issued
CFS-PARCEL-0149802940,56203973680000,2,1,0,0,1,1,0,120000.0,2010-06-09,2022-03-22,2,residential_growth,major_growth,96.0,75.0,no_recent_activity
CFS-PARCEL-0149801618,56139911540000,2,1,0,1,0,1,0,100000.0,2004-01-01,2023-10-20,2,residential_growth,major_growth,96.0,78.5,recently_issued
CFS-PARCEL-0149806835,56209779530000,26,12,6,5,1,9,2,1325041388.0,2006-11-01,2025-09-03,13,residential_growth,major_growth,94.0,73.58,completed_historical
CFS-PARCEL-0149763422,55283332310000,10,3,3,1,0,1,1,684097.0,2012-11-02,2024-05-24,6,residential_growth,moderate_activity,94.0,57.5,completed_historical
CFS-PARCEL-0149795737,56128104800000,7,2,0,1,0,1,1,729997.0,2013-10-29,2023-05-04,6,administrative_or_unknown,unknown,94.0,44.71,completed_historical
CFS-PARCEL-0149743179,46939095380000,6,4,0,1,0,3,1,1357336.0,2007-05-01,2025-11-24,4,residential_growth,major_growth,94.0,68.83,completed_historical
CFS-PARCEL-0149820746,56229481830000,4,1,0,1,0,1,0,238844.5,2003-06-01,2025-07-28,3,administrative_or_unknown,unknown,94.0,48.25,active_construction
CFS-PARCEL-0149806409,56208903860000,3,1,0,1,0,1,0,200000.0,2008-12-01,2025-09-04,2,residential_growth,major_growth,94.0,54.33,recently_issued
CFS-PARCEL-0149812971,56232092900000,3,1,0,0,2,1,0,136800.0,2024-05-14,2024-06-21,1,demolition,redevelopment_signal,94.0,81.33,active_construction
CFS-PARCEL-0149822047,56404456780000,2,1,0,1,0,2,0,223400.0,2021-03-26,2023-02-06,2,residential_growth,major_growth,94.0,86.5,recently_issued
CFS-PARCEL-0149817930,56301620340000,2,1,0,1,0,1,0,171992.0,2016-08-22,2022-04-05,2,residential_growth,major_growth,94.0,81.5,no_recent_activity
CFS-PARCEL-0149817811,56302403240000,2,1,0,1,0,1,0,150000.0,2022-04-28,2022-04-28,1,residential_growth,major_growth,94.0,77.5,no_recent_activity
CFS-PARCEL-0149734845,46747056260000,2,1,0,1,0,1,0,110000.0,2016-04-05,2022-06-07,2,residential_growth,major_growth,94.0,77.5,no_recent_activity
CFS-PARCEL-0149752474,55093259870000,36,13,11,7,1,1,0,624140.45,2007-04-01,2025-05-29,15,residential_growth,major_growth,92.0,62.19,recently_issued
CFS-PARCEL-0149781903,56004930300000,32,7,12,8,2,6,0,2363319.0,2005-12-01,2025-05-29,15,commercial_activity,major_growth,92.0,65.88,completed_historical
CFS-PARCEL-0149807988,56211500060000,28,7,10,5,0,3,0,738800.0,2008-04-01,2024-12-20,11,commercial_activity,major_growth,92.0,57.39,recently_issued
CFS-PARCEL-0149807989,56211500060000,28,7,10,5,0,3,0,738800.0,2008-04-01,2024-12-20,11,commercial_activity,major_growth,92.0,57.39,recently_issued
CFS-PARCEL-0149809420,56216125040000,26,15,1,6,0,1,0,451000.0,2008-02-01,2025-12-23,12,residential_growth,major_growth,92.0,62.92,completed_historical
CFS-PARCEL-0149726479,45895557940000,22,14,4,3,0,2,0,509976.0,2007-10-01,2025-08-18,13,residential_growth,major_growth,92.0,68.5,completed_historical
CFS-PARCEL-0149810942,56221269970000,22,8,9,2,1,3,0,498445.39,2008-01-01,2025-07-28,14,commercial_activity,major_growth,92.0,65.36,completed_historical
CFS-PARCEL-0149811780,56225706610000,19,6,7,4,2,2,0,746080.46,2007-01-01,2025-11-17,12,commercial_activity,major_growth,92.0,69.26,completed_historical
CFS-PARCEL-0149811781,56225706610000,19,6,7,4,2,2,0,746080.46,2007-01-01,2025-11-17,12,commercial_activity,major_growth,92.0,69.26,completed_historical
CFS-PARCEL-0149814320,56211661860000,18,11,2,1,1,1,0,262900.0,2006-12-01,2025-08-08,10,residential_growth,major_growth,92.0,61.06,active_construction
CFS-PARCEL-0149790843,56105098290000,15,2,6,1,0,1,0,336179.0,2008-12-01,2024-09-19,9,commercial_activity,unknown,92.0,47.13,active_construction
CFS-PARCEL-0149793846,56119900970000,14,12,1,0,1,3,0,1343000.0,2020-10-08,2025-09-12,4,residential_growth,major_growth,92.0,79.14,completed_historical
CFS-PARCEL-0149749296,55079310320000,14,1,2,0,9,1,0,156500.0,2017-08-14,2025-06-24,5,demolition,redevelopment_signal,92.0,55.71,completed_historical
CFS-PARCEL-0149764871,55294079690000,13,3,2,1,1,3,0,679130.0,2002-08-01,2024-06-04,8,administrative_or_unknown,major_growth,92.0,51.62,completed_historical
CFS-PARCEL-0149740820,46834621220000,12,6,0,2,0,2,0,505750.0,2014-11-03,2023-07-20,5,residential_growth,minor_activity,92.0,57.5,active_construction
CFS-PARCEL-0149790275,56108888920000,11,1,4,2,0,3,1,2175418.0,2010-07-14,2023-10-20,7,commercial_activity,moderate_activity,92.0,52.73,active_construction
CFS-PARCEL-0149808295,56211827970000,11,3,2,2,1,2,0,560883.0,2008-02-01,2025-05-29,7,residential_growth,major_growth,92.0,53.82,completed_historical
CFS-PARCEL-0149752220,55094057000000,10,6,2,1,0,3,1,1619800.0,2004-06-01,2024-09-13,6,residential_growth,major_growth,92.0,73.5,completed_historical
CFS-PARCEL-0149776915,55551062150000,10,4,1,3,1,2,0,431400.0,2006-06-01,2025-01-28,7,residential_growth,major_growth,92.0,67.7,completed_historical
CFS-PARCEL-0149811300,56223244710000,9,5,2,2,0,2,0,339000.0,2003-08-01,2025-02-17,5,residential_growth,major_growth,92.0,74.22,completed_historical
CFS-PARCEL-0149807132,56211799000000,8,1,3,0,1,4,1,2533921.0,2019-11-19,2021-05-06,3,commercial_activity,unknown,92.0,54.25,no_recent_activity
CFS-PARCEL-0149801105,56118789920000,8,1,4,0,1,5,1,1832290.0,2009-07-01,2025-12-02,8,commercial_activity,major_growth,92.0,70.0,completed_historical
CFS-PARCEL-0149726572,45895765320000,8,2,3,1,2,2,0,699000.0,2022-12-21,2025-10-17,4,commercial_activity,major_growth,92.0,72.63,completed_historical
CFS-PARCEL-0149823721,56500093660000,8,1,3,3,0,1,0,334000.0,2010-03-05,2024-07-11,7,commercial_activity,redevelopment_signal,92.0,69.13,completed_historical
CFS-PARCEL-0149797505,56131134490000,8,3,2,2,0,1,0,279676.0,2012-12-05,2025-12-12,7,residential_growth,major_growth,92.0,70.75,completed_historical
CFS-PARCEL-0149727854,45995863710000,7,2,3,2,0,5,0,1309000.0,2021-11-24,2023-12-21,3,commercial_activity,major_growth,92.0,86.29,completed_historical
CFS-PARCEL-0149765882,55295976920000,7,1,0,0,6,1,0,450000.0,2024-04-26,2024-11-22,1,demolition,redevelopment_signal,92.0,64.57,completed_historical
CFS-PARCEL-0149765883,55295976920000,7,1,0,0,6,1,0,450000.0,2024-04-26,2024-11-22,1,demolition,redevelopment_signal,92.0,64.57,completed_historical
CFS-PARCEL-0149736731,46809771650000,7,2,2,1,2,1,0,382185.0,2014-07-04,2019-02-08,3,residential_growth,redevelopment_signal,92.0,67.86,no_recent_activity
CFS-PARCEL-0149807366,56211572510000,6,1,2,0,1,3,0,835000.0,2007-06-01,2025-03-14,5,commercial_activity,major_growth,92.0,61.33,completed_historical
CFS-PARCEL-0149826807,56702203320000,6,5,0,0,1,4,0,737664.0,2021-10-19,2023-09-13,3,residential_growth,major_growth,92.0,80.33,active_construction
CFS-PARCEL-0149779682,55775028350000,6,3,0,2,0,1,0,312986.0,2015-10-05,2022-04-13,3,residential_growth,major_growth,92.0,68.0,no_recent_activity
CFS-PARCEL-0149784113,56012090900000,6,2,1,3,0,1,0,245266.0,2013-08-13,2025-12-16,5,redevelopment_signal,major_growth,92.0,74.17,completed_historical
CFS-PARCEL-0149812062,56224310030000,6,1,3,1,1,1,0,202158.0,2007-02-01,2023-06-14,3,commercial_activity,moderate_activity,92.0,74.17,active_construction
CFS-PARCEL-0149752072,55093328410000,6,2,3,1,0,1,0,187350.0,2014-08-13,2016-10-20,3,commercial_activity,moderate_activity,92.0,70.17,no_recent_activity
CFS-PARCEL-0149800403,56138630910000,6,0,3,3,0,1,0,131850.0,2017-04-04,2025-06-16,3,commercial_activity,redevelopment_signal,92.0,67.5,completed_historical
CFS-PARCEL-0149807838,56213497710000,6,5,0,0,1,1,0,129960.0,2007-04-01,2014-04-21,3,residential_growth,major_growth,92.0,69.67,no_recent_activity
CFS-PARCEL-0149741223,46913594570000,5,3,0,2,0,3,0,533925.0,2015-09-25,2025-03-31,4,residential_growth,major_growth,92.0,78.8,completed_historical
CFS-PARCEL-0149803871,56203917220000,5,2,2,1,0,2,0,430555.0,2021-08-19,2024-04-19,3,commercial_activity,major_growth,92.0,80.2,completed_historical
CFS-PARCEL-0149806728,56210992020000,5,1,2,1,1,1,0,402780.0,2017-01-24,2025-06-04,3,commercial_activity,moderate_activity,92.0,70.2,completed_historical
CFS-PARCEL-0149793259,56119180530000,5,3,0,2,0,2,0,287000.0,2008-04-01,2023-07-18,4,residential_growth,major_growth,92.0,77.2,completed_historical
CFS-PARCEL-0149747545,55070477830000,5,2,1,2,0,1,0,280386.0,2012-02-22,2025-12-17,4,residential_growth,major_growth,92.0,78.4,completed_historical
CFS-PARCEL-0149781255,55894604750000,5,2,1,1,0,1,0,229000.0,2021-11-17,2025-09-03,5,residential_growth,moderate_activity,92.0,69.4,active_construction
CFS-PARCEL-0149726702,45899234880000,5,2,0,1,0,1,0,206200.0,2005-01-01,2025-06-16,5,residential_growth,major_growth,92.0,51.8,completed_historical
CFS-PARCEL-0149782797,56006662240000,4,2,1,0,1,1,0,612770.0,2021-04-20,2025-08-19,3,residential_growth,moderate_activity,92.0,73.5,completed_historical
CFS-PARCEL-0149745022,55062875190000,4,2,0,1,0,2,0,610000.0,2003-08-01,2023-03-15,3,residential_growth,major_growth,92.0,64.75,active_construction
CFS-PARCEL-0149745023,55062875190000,4,2,0,1,0,2,0,610000.0,2003-08-01,2023-03-15,3,residential_growth,major_growth,92.0,64.75,active_construction
CFS-PARCEL-0149767651,55341234740000,4,3,0,1,0,3,0,555000.0,2009-01-01,2024-01-03,3,residential_growth,major_growth,92.0,81.75,active_construction
CFS-PARCEL-0149802818,56149033350000,4,3,0,1,0,2,0,408950.0,2016-12-20,2025-10-01,3,residential_growth,major_growth,92.0,79.25,completed_historical
CFS-PARCEL-0149825086,56537067520000,4,2,0,0,2,1,0,388861.0,2008-07-01,2025-01-30,4,residential_growth,redevelopment_signal,92.0,66.5,completed_historical
CFS-PARCEL-0149820614,56226972250000,4,2,1,1,0,1,0,385000.0,2008-04-01,2025-01-16,4,residential_growth,major_growth,92.0,75.75,completed_historical
CFS-PARCEL-0149821456,56343050420000,4,0,3,1,0,2,0,377045.0,2024-01-09,2025-12-17,2,commercial_activity,major_growth,92.0,81.75,completed_historical
CFS-PARCEL-0149777752,55570511890000,4,3,0,1,0,1,0,347500.0,2018-11-07,2025-12-30,3,residential_growth,moderate_activity,92.0,78.75,active_construction
CFS-PARCEL-0149760441,55257479340000,4,2,0,1,0,1,0,304100.0,2016-10-19,2021-12-03,3,residential_growth,major_growth,92.0,66.75,no_recent_activity
CFS-PARCEL-0149802381,56142257320000,4,2,0,0,2,2,0,296000.0,2012-03-27,2024-05-02,2,residential_growth,major_growth,92.0,73.0,completed_historical
CFS-PARCEL-0149810387,56219563740000,4,1,1,1,0,2,0,288887.0,2020-03-10,2025-07-18,3,residential_growth,major_growth,92.0,68.25,completed_historical
CFS-PARCEL-0149814229,56211532130000,4,1,1,0,2,1,0,284366.0,2012-03-27,2023-06-12,2,demolition,redevelopment_signal,92.0,75.0,active_construction
CFS-PARCEL-0149814230,56211532130000,4,1,1,0,2,1,0,284366.0,2012-03-27,2023-06-12,2,demolition,redevelopment_signal,92.0,75.0,active_construction
CFS-PARCEL-0149727650,45992950130000,4,0,3,1,0,1,0,283557.0,2016-08-17,2025-11-25,2,commercial_activity,moderate_activity,92.0,74.25,completed_historical
CFS-PARCEL-0149758869,55194706110000,4,1,2,0,1,1,0,253160.0,2025-08-29,2025-10-10,1,commercial_activity,moderate_activity,92.0,76.0,completed_historical
CFS-PARCEL-0149727367,45995983810000,4,1,2,1,0,1,0,245000.0,2003-10-01,2023-10-24,3,commercial_activity,major_growth,92.0,70.75,completed_historical
CFS-PARCEL-0149806476,56209413110000,4,2,1,1,0,1,0,235880.0,2009-10-01,2020-03-27,4,residential_growth,major_growth,92.0,75.75,no_recent_activity
CFS-PARCEL-0149734077,46730277990000,4,2,0,0,1,1,0,214200.0,2018-03-21,2024-03-20,2,residential_growth,major_growth,92.0,63.0,active_construction
CFS-PARCEL-0149781385,56000007170000,4,2,0,1,0,1,0,206650.0,2020-05-21,2024-01-18,2,residential_growth,major_growth,92.0,62.25,active_construction
CFS-PARCEL-0149768722,55380360270000,4,2,0,2,0,1,0,187667.0,2014-04-01,2025-09-23,3,residential_growth,redevelopment_signal,92.0,81.5,active_construction
CFS-PARCEL-0149778843,55642958880000,4,2,1,0,1,1,0,155888.0,2023-05-17,2025-05-12,3,residential_growth,major_growth,92.0,73.5,completed_historical
CFS-PARCEL-0149739872,46821148540000,4,1,0,2,0,1,0,154642.0,2014-07-24,2020-05-08,4,redevelopment_signal,redevelopment_signal,92.0,62.0,no_recent_activity
CFS-PARCEL-0149828058,56717704250000,3,2,0,0,1,2,0,517137.01,2016-07-13,2025-05-02,3,residential_growth,major_growth,92.0,83.33,completed_historical
CFS-PARCEL-0149788886,56103323360000,3,0,1,1,0,1,0,507273.0,2021-04-19,2025-09-10,2,commercial_activity,major_growth,92.0,63.0,completed_historical
CFS-PARCEL-0149802086,56143231170000,3,1,1,1,0,1,0,446440.0,2010-01-13,2025-06-20,3,commercial_activity,major_growth,92.0,79.67,completed_historical
CFS-PARCEL-0149792144,56008898070000,3,2,0,0,1,1,0,443582.0,2015-06-15,2025-03-06,3,residential_growth,major_growth,92.0,78.0,completed_historical
CFS-PARCEL-0149792161,56008898070000,3,2,0,0,1,1,0,443582.0,2015-06-15,2025-03-06,3,residential_growth,major_growth,92.0,78.0,completed_historical
CFS-PARCEL-0149751878,55093492330000,3,0,1,0,1,1,0,432905.0,2017-11-07,2025-12-08,2,demolition,redevelopment_signal,92.0,57.33,active_construction
CFS-PARCEL-0149769810,55257524590000,3,2,0,1,0,2,0,432560.0,2020-05-15,2021-09-28,2,residential_growth,major_growth,92.0,83.67,no_recent_activity
CFS-PARCEL-0149754265,55166416650000,3,2,0,1,0,2,0,430327.0,2019-06-25,2024-05-16,3,residential_growth,major_growth,92.0,79.67,active_construction
CFS-PARCEL-0149745971,55067954310000,3,2,0,1,0,2,0,427792.0,2017-01-19,2025-07-01,3,residential_growth,major_growth,92.0,79.67,active_construction
CFS-PARCEL-0149734262,46802446770000,3,2,0,1,0,1,0,418106.0,2018-08-30,2024-07-09,3,residential_growth,major_growth,92.0,77.67,completed_historical
CFS-PARCEL-0149807573,56212701880000,3,0,1,0,2,1,0,404801.0,2022-04-25,2023-03-17,2,demolition,redevelopment_signal,92.0,77.33,active_construction
CFS-PARCEL-0149738572,46815772490000,3,1,0,2,0,1,0,353044.0,2023-08-24,2025-10-20,3,redevelopment_signal,redevelopment_signal,92.0,78.0,active_construction
CFS-PARCEL-0149828183,56718162410000,3,2,0,1,0,1,0,350000.0,2019-08-15,2024-05-13,2,residential_growth,major_growth,92.0,81.67,active_construction
CFS-PARCEL-0149743465,46737241890000,3,1,0,1,1,1,0,349714.2,2006-08-01,2025-02-04,3,residential_growth,redevelopment_signal,92.0,71.0,completed_historical
CFS-PARCEL-0149808121,56214411040000,3,0,1,1,0,1,0,310090.0,2007-08-01,2024-10-30,3,commercial_activity,major_growth,92.0,57.67,recently_issued
CFS-PARCEL-0149760327,55256499500000,3,2,0,1,0,1,0,293648.0,2020-03-16,2021-03-26,2,residential_growth,major_growth,92.0,75.0,no_recent_activity
CFS-PARCEL-0149741218,46913310110000,3,2,0,1,0,2,0,284000.0,2023-01-30,2023-02-01,1,residential_growth,major_growth,92.0,86.33,completed_historical
